student_id,age,gender,school_type,parent_education,internet_access,tutoring,study_hours_per_day,attendance_percent,sleep_hours,assignments_completed_out_of_10,previous_term_score,exam_score,pass_fail,grade_band
S00001,21.0,Female,Public,Secondary,Yes,Yes,3.8,40.0,7.6,1,46.0,65,True,B
S00002,17.0,Male,Public,Secondary,Yes,Yes,3.0,37.8,7.6,7,39.0,53,True,C
S00003,23.0,Male,Private,Diploma,Yes,Yes,4.3,64.7,7.0,2,77.0,71,True,A
S00004,25.0,Female,Public,Diploma,Yes,No,2.5,82.3,5.7,6,44.0,71,True,A
S00005,18.0,Male,Private,Diploma,No,Yes,5.8,41.7,6.1,0,67.0,63,True,B
S00006,20.0,Female,Private,MSc/PhD,Yes,No,3.8,38.2,4.0,8,67.0,61,True,B
S00007,19.0,Male,Public,Diploma,Yes,No,5.8,84.8,6.0,8,75.0,89,True,A+
S00008,24.0,Male,Public,Primary,Yes,No,5.5,63.1,8.7,1,76.0,79,True,A
S00009,19.0,Female,Private,Primary,Yes,Yes,2.9,86.1,4.3,6,53.0,91,True,A+
S00010,22.0,Male,Private,Diploma,Yes,No,5.6,58.7,6.1,3,59.0,74,True,A
S00011,17.0,Male,Public,BSc,Yes,No,4.6,82.8,6.5,5,79.0,77,True,A
S00012,22.0,Female,Public,Primary,Yes,No,0.7,44.4,6.3,6,20.0,21,False,F
S00013,24.0,Male,Public,None,No,No,3.5,41.7,6.7,9,59.0,58,True,C
S00014,17.0,Male,Private,None,Yes,No,2.2,70.8,7.7,4,60.0,68,True,B
S00015,20.0,Male,Public,Secondary,No,No,3.2,64.2,8.0,2,66.0,45,False,D
S00016,21.0,Male,Public,Diploma,Yes,Yes,2.8,46.2,6.7,6,40.0,39,False,F
S00017,18.0,Male,Public,Primary,Yes,No,3.9,73.2,5.5,8,56.0,72,True,A
S00018,16.0,Female,Private,BSc, Yes ,Yes,2.8,52.9,6.3,7,41.0,70,True,A
S00019,23.0,Male,Private,Primary,Yes,Yes,1.0,48.2,7.7,0,28.0,45,False,D
S00020,19.0,Female,Public,Primary,Yes,Yes,5.1,63.2,6.5,5,69.0,95,True,A+
S00021,22.0,Male,Private,MSc/PhD,Yes,No,1.8,89.3,8.6,5,48.0,48,False,D
S00022,21.0,Female,Public,,Yes,No,0.9,69.1,6.9,9,39.0,20,False,F
S00023,24.0,Male,Private,Primary,Yes,No,6.2,56.4,6.2,9,60.0,100,True,A+
S00024,22.0,Male,Private,BSc,Yes,No,1.1,74.6,6.4,3,39.0,42,False,D
S00025,23.0,Female,Private,Primary,Yes,No,3.3,70.4,6.8,2,36.0,48,False,D
S00026,20.0,Female,Public,Secondary,Yes,No,2.5,48.5,9.9,4,44.0,52,True,C
S00027,20.0,Male,Public,Diploma,No,No,0.6,88.9,7.3,2,26.0,44,False,D
S00028,19.0,Female,Private,Secondary,No,No,0.4,80.0,8.5,1,20.0,27,False,F
S00029,22.0,Female,Private,Secondary,No,Yes,0.8,44.2,8.0,2,34.0,21,False,F
S00030,23.0,Female,Private,Secondary,Yes,No,1.1,44.4,7.6,10,40.0,27,False,F
S00031,20.0,Male,Public,BSc,No,No,6.5,61.4,7.0,1,78.0,96,True,A+
S00032,19.0,Male,Private,Primary,No,Yes,3.4,73.5,8.1,9,57.0,76,True,A
S00033,17.0,Male,Private,Secondary,Yes,No,2.0,76.7,5.6,0,53.0,47,False,D
S00034,19.0,Female,Public,BSc,Yes,No,6.2,71.2,8.3,6,75.0,86,True,A+
S00035,23.0,Male,Private,BSc,Yes,Yes,1.1,68.8,7.7,0,49.0,42,False,D
S00036,23.0,Female,Public,Secondary,Yes,No,5.0,45.8,6.4,2,57.0,57,True,C
S00037,17.0,Male,Private,Diploma,Yes,Yes,2.4,64.1,7.1,2,,54,True,C
S00038,22.0,Male,Private,Secondary,Yes,No,1.7,58.4,8.3,1,49.0,38,False,F
S00039,24.0,Male,Public,Diploma,Yes,No,2.1,72.4,5.1,4,37.0,55,True,C
S00040,21.0,Female,Public,None,Yes,No,4.1,70.4,8.1,13,69.0,80,True,A+
S00041,24.0,Male,Public,BSc,Yes,No,6.3,39.5,7.1,6,66.0,78,True,A
S00042,24.0,Female,Public,Secondary,Yes,No,4.1,67.3,9.9,8,63.0,82,True,A+
S00043,20.0,Female,Public,,Yes,Yes,4.3,47.1,7.7,2,70.0,61,True,B
S00044,25.0,Male,Public,Primary,No,No,4.8,99.0,8.1,1,48.0,72,True,A
S00045,23.0,Female,Private,Primary,Yes,Yes,3.5,72.3,6.1,4,57.0,86,True,A+
S00046,25.0,Male,Public,BSc,Yes,No,2.2,72.4,8.3,0,49.0,30,False,F
S00047,25.0,Female,Public,MSc/PhD,No,No,4.4,68.5,7.1,4,44.0,61,True,B
S00048,25.0,Male,Private,Secondary,Yes,No,6.3,35.9,7.0,4,36.0,74,True,A
S00049,22.0,Female,Private,BSc,Yes,No,1.3,53.0,6.6,9,40.0,30,False,F
S00050,17.0,Female,Public,Secondary,No,No,2.9,93.3,6.1,0,64.0,72,True,A
S00051,21.0,Male,Private,Diploma,Yes,Yes,5.0,86.8,7.8,8,76.0,95,True,A+
S00052,25.0,Female,Public,Diploma,Yes,No,6.2,72.3,6.7,2,69.0,88,True,A+
S00053,23.0,Female,Public,MSc/PhD,Yes,Yes,5.9,78.8,6.6,6,84.0,100,True,A+
S00054,22.0,Male,Public,Primary,Yes,No,2.0,92.3,6.5,6,61.0,53,True,C
S00055,21.0,Male,Public,Diploma,No,Yes,5.0,94.7,9.2,3,81.0,100,True,A+
S00056,23.0,Male,Private,BSc,No,No,2.8,49.4,6.6,8,38.0,56,True,C
S00057,18.0,Male,Public,BSc,No,No,3.6,81.5,8.3,0,69.0,61,True,B
S00058,17.0,Male,Private,BSc,Yes,No,2.3,73.4,,7,53.0,51,True,C
S00059,23.0,Male,Public,None,Yes,No,1.9,75.4,8.5,0,48.0,47,False,D
S00060,22.0,Female,Private,MSc/PhD,Yes,Yes,6.3,57.6,7.3,3,67.0,82,True,A+
S00061,21.0,Male,Public,BSc,Yes,Yes,3.7,35.5,6.9,9,42.0,54,True,C
S00062,22.0,Female,Private,MSc/PhD,Yes,No,0.9,94.9,,4,54.0,40,False,D
S00063,25.0,Male,Public,Diploma,Yes,No,3.6,43.7,7.8,10,52.0,65,True,B
S00064,23.0,Female,Public,Secondary,Yes,Yes,6.5,65.2,7.2,6,81.0,100,True,A+
S00065,22.0,Female,Private,BSc,Yes,Yes,6.4,64.6,7.6,7,98.0,100,True,A+
S00066,22.0,Female,Private,BSc,Yes,Yes,6.1,38.2,7.4,7,58.0,90,True,A+
S00067,25.0,Female,Public,BSc,Yes,No,3.8,98.4,7.8,2,73.0,79,True,A
S00068,21.0,Male,Public,Secondary,Yes,Yes,5.6,58.0,7.5,5,81.0,91,True,A+
S00069,25.0,Male,Public,Secondary,Yes,No,0.9,41.8,6.7,4,20.0,31,False,F
S00070,23.0,Male,Private,BSc,Yes,No,0.6,45.5,7.0,9,20.0,18,False,F
S00071,22.0,Male,Public,None,Yes,Yes,3.8,56.3,7.6,6,35.0,64,True,B
S00072,17.0,Female,Private,BSc,Yes,No,0.9,82.8,6.6,2,39.0,46,False,D
S00073,21.0,Female,Private,BSc,Yes,No,5.5,52.9,7.7,6,80.0,76,True,A
S00074,20.0,Female,Public,Diploma,Yes,No,4.0,42.7,7.1,4,31.0,50,True,C
S00075,24.0,Female,Public,BSc,No,No,1.7,91.6,6.0,0,46.0,53,True,C
S00076,21.0,Male,Public,Primary, Yes ,No,4.0,46.3,9.5,10,45.0,61,True,B
S00077,24.0,Female,Private,Primary,Yes,No,5.7,98.3,6.8,7,91.0,100,True,A+
S00078,19.0,Female,Public,Secondary,Yes,Yes,5.4,41.3,7.7,9,78.0,84,True,A+
S00079,24.0,Female,Public,Primary,Yes,No,3.0,39.2,6.4,9,34.0,48,False,D
S00080,25.0,Female,Public,Primary,Yes,No,1.7,50.3,9.7,0,36.0,40,False,D
S00081,25.0,Female,Private,None,Yes,Yes,1.2,73.3,6.0,8,41.0,47,False,D
S00082,20.0,Male,Public,Secondary,Yes,No,1.7,44.0,4.4,10,20.0,30,False,F
S00083,20.0,Male,Public,Diploma,No,No,6.0,89.1,6.1,7,88.0,95,True,A+
S00084,18.0,Male,Public,Diploma,No,No,5.4,48.0,7.1,9,69.0,74,True,A
S00085,23.0,Female,Private,BSc,Yes,No,4.6,52.8,6.3,3,64.0,59,True,C
S00086,20.0,Male,Public,Diploma,Yes,No,4.5,59.1,7.8,8,68.0,85,True,A+
S00087,21.0,Male,Private,Secondary,Yes,No,0.8,92.5,7.1,3,20.0,47,False,D
S00088,23.0,Male,Public,Secondary,Yes,No,0.4,88.1,7.0,4,20.0,43,False,D
S00089,24.0,Male,Public,MSc/PhD,Yes,No,1.6,46.2,5.1,1,27.0,28,False,F
S00090,24.0,Female,Private,Secondary,yes,Yes,2.1,59.2,7.2,2,44.0,54,True,C
S00091,20.0,Female,Public,Secondary,No,No,3.6,,6.8,6,38.0,45,False,D
S00092,17.0,Female,Public,Diploma,Yes,Yes,4.4,96.2,6.1,1,65.0,82,True,A+
S00093,21.0,Male,Private,Diploma,Yes,No,5.8,36.6,8.2,4,70.0,64,True,B
S00094,18.0,Female,Private,BSc,Yes,No,5.8,77.6,4.7,8,81.0,80,True,A+
S00095,17.0,Male,Public,Primary,Yes,No,1.2,81.5,7.7,9,31.0,65,True,B
S00096,24.0,Male,Public,Diploma,Yes,Yes,3.4,99.7,6.2,1,79.0,73,True,A
S00097,19.0,Male,Public,Secondary,Yes,No,3.2,80.5,5.5,10,56.0,69,True,B
S00098,20.0,Female,Public,Primary,Yes,No,1.9,86.2,7.2,7,45.0,61,True,B
S00099,19.0,Male,Public,Secondary,yes,Yes,6.3,82.3,6.8,0,82.0,100,True,A+
S00100,21.0,Male,Public,Secondary,Yes,No,1.7,78.1,8.6,10,50.0,42,False,D
S00101,23.0,Male,Public,BSc,Yes,No,2.8,52.2,4.9,12,43.0,66,True,B
S00102,22.0,Male,Public,Diploma,Yes,No,4.6,65.5,6.3,0,60.0,85,True,A+
S00103,18.0,Male,Public,Secondary,Yes,No,3.1,98.5,6.1,8,71.0,66,True,B
S00104,17.0,Male,Public,BSc, Yes ,Yes,3.1,88.6,7.9,10,61.0,73,True,A
S00105,21.0,Male,Private,Secondary,Yes,No,2.5,52.3,7.4,0,36.0,51,True,C
S00106,24.0,Male,Public,Diploma,Yes,No,,42.0,9.0,4,55.0,70,True,A
S00107,19.0,Female,Public,BSc,Yes,No,3.8,54.1,8.7,1,35.0,73,True,A
S00108,20.0,Female,Private,None,Yes,No,5.7,68.8,6.3,1,97.0,73,True,A
S00109,17.0,Male,Public,Diploma,Yes,No,5.8,55.7,4.9,1,58.0,100,True,A+
S00110,19.0,Male,Public,Secondary,Yes,Yes,3.3,63.9,6.2,9,50.0,70,True,A
S00111,19.0,Male,Public,Primary,Yes,No,3.1,99.6,6.0,10,65.0,71,True,A
S00112,23.0,Female,Public,Secondary,Yes,No,1.9,,6.7,10,27.0,62,True,B
S00113,23.0,Male,Private,BSc,Yes,Yes,,84.2,4.1,10,100.0,100,True,A+
S00114,18.0,Male,Public,BSc,Yes,No,6.1,50.0,7.1,2,75.0,64,True,B
S00115,20.0,Female,Private,Diploma,No,No,3.5,57.9,7.7,10,69.0,63,True,B
S00116,17.0,Male,Public,MSc/PhD,Yes,Yes,0.4,62.6,7.1,6,25.0,42,False,D
S00117,24.0,Male,Private,Secondary,Yes,No,2.6,73.6,8.1,8,35.0,70,True,A
S00118,22.0,Male,Public,Diploma,Yes,No,0.5,66.9,5.2,2,37.0,23,False,F
S00119,24.0,Male,Public,Primary,Yes,Yes,0.7,49.5,6.4,0,20.0,39,False,F
S00120,22.0,Male,Private,Secondary,Yes,No,4.0,56.8,7.4,5,61.0,76,True,A
S00121,24.0,Female,Public,Secondary,Yes,Yes,1.2,85.4,7.2,7,58.0,55,True,C
S00122,22.0,Female,Private,BSc,No,Yes,4.8,36.3,7.2,8,55.0,77,True,A
S00123,25.0,Male,Public,Secondary,Yes,No,5.9,43.3,4.8,1,80.0,62,True,B
S00124,22.0,Male,Public,Primary,Yes,Yes,3.4,90.7,5.5,4,62.0,62,True,B
S00125,19.0,Female,Public,Secondary,Yes,Yes,3.0,41.2,7.9,9,45.0,56,True,C
S00126,23.0,Male,Public,Secondary,Yes,No,3.6,73.8,7.2,0,65.0,65,True,B
S00127,22.0,Male,Public,Diploma,Yes,No,2.2,85.9,,5,57.0,55,True,C
S00128,19.0,Male,Private,Primary,Yes,No,6.3,96.1,7.4,0,87.0,100,True,A+
S00129,24.0,Male,Public,,Yes,No,2.6,87.4,6.0,0,56.0,55,True,C
S00130,24.0,Female,Public,Secondary,Yes,Yes,3.9,80.3,7.3,9,63.0,91,True,A+
S00131,20.0,Male,Public,MSc/PhD,Yes,No,1.1,79.3,8.1,4,32.0,52,True,C
S00132,25.0,Female,Public,Secondary,Yes,Yes,5.1,75.9,8.5,5,81.0,94,True,A+
S00133,23.0,Male,Public,MSc/PhD,No,No,0.6,42.2,6.7,6,20.0,17,False,F
S00134,23.0,Male,Public,Secondary,Yes,No,6.4,99.7,7.7,9,76.0,100,True,A+
S00135,23.0,Male,Private,Secondary,No,No,,66.7,5.1,6,71.0,68,True,B
S00136,21.0,Female,Public,MSc/PhD,Yes,No,5.9,67.7,,9,75.0,85,True,A+
S00137,17.0,Female,Public,,Yes,No,4.6,73.9,6.5,1,71.0,73,True,A
S00138,21.0,Male,Public,None,Yes,No,1.0,84.9,,9,,52,True,C
S00139,22.0,Male,Private,Primary,No,No,5.5,38.7,5.8,7,59.0,51,True,C
S00140,22.0,Female,Public,BSc,No,Yes,1.8,45.1,6.2,10,36.0,41,False,D
S00141,19.0,Male,Public,Secondary,Yes,Yes,5.5,74.4,7.7,10,75.0,97,True,A+
S00142,23.0,Male,Private,Secondary,No,No,1.2,39.5,6.7,1,,28,False,F
S00143,19.0,Female,Private,BSc,Yes,No,2.0,35.5,8.3,7,20.0,41,False,D
S00144,19.0,Male,Public,Secondary,Yes,No,5.3,43.0,7.4,5,52.0,75,True,A
S00145,25.0,Female,Public,Diploma,No,Yes,5.3,53.6,6.5,9,82.0,80,True,A+
S00146,18.0,Female,Public,Secondary, Yes ,No,6.5,55.5,,10,58.0,100,True,A+
S00147,22.0,Male,Public,Secondary,Yes,No,1.3,82.9,7.1,9,60.0,43,False,D
S00148,18.0,Male,Public,Diploma,Yes,No,5.4,88.6,7.5,8,58.0,86,True,A+
S00149,20.0,Female,Public,Secondary,Yes,No,,98.8,8.1,9,,64,True,B
S00150,18.0,Male,Public,BSc,Yes,Yes,0.4,52.9,8.0,5,34.0,35,False,F
S00151,23.0,Male,Private,Primary,Yes,No,5.4,35.2,7.4,9,66.0,84,True,A+
S00152,25.0,Male,Public,Primary,Yes,Yes,6.5,38.6,6.3,2,72.0,87,True,A+
S00153,22.0,Male,Private,BSc,Yes,No,,56.6,6.0,0,64.0,60,True,B
S00154,17.0,Male,Public,Secondary,No,No,4.3,37.8,5.4,8,30.0,55,True,C
S00155,23.0,Female,Public,Secondary,No,No,4.5,47.4,7.1,1,43.0,59,True,C
S00156,19.0,Female,Public,Secondary,Yes,No,1.2,59.7,9.4,7,32.0,53,True,C
S00157,25.0,Male,Public,Secondary, Yes ,No,3.2,,7.3,9,57.0,71,True,A
S00158,19.0,Male,Public,Diploma,Yes,Yes,1.5,98.5,5.9,7,70.0,63,True,B
S00159,18.0,Male,Public,None,Yes,Yes,3.9,83.5,7.1,8,70.0,80,True,A+
S00160,19.0,Male,Public,Secondary,Yes,No,3.1,71.9,5.0,3,54.0,48,False,D
S00161,24.0,Male,Public,Secondary,Yes,No,2.2,39.8,9.2,5,30.0,50,True,C
S00162,18.0,Female,Public,Diploma,Yes,Yes,1.1,47.3,5.4,6,35.0,46,False,D
S00163,23.0,Male,Public,Secondary,Yes,No,4.1,92.8,6.1,2,88.0,66,True,B
S00164,22.0,Female,Public,Primary,Yes,No,5.8,82.5,6.0,3,100.0,100,True,A+
S00165,17.0,Male,Public,Diploma,No,No,6.2,76.3,6.0,1,94.0,93,True,A+
S00166,24.0,Male,Private,MSc/PhD,Yes,No,5.5,53.6,10.0,3,69.0,91,True,A+
S00167,18.0,Male,Public,Primary,Yes,No,4.5,48.2,7.4,8,59.0,52,True,C
S00168,19.0,Female,Public,BSc,Yes,Yes,5.1,63.6,6.4,7,74.0,82,True,A+
S00169,21.0,Female,Public,MSc/PhD,No,No,,85.7,5.2,0,61.0,85,True,A+
S00170,19.0,Female,Public,None,Yes,No,4.4,,5.2,9,71.0,94,True,A+
S00171,24.0,Male,Public,Secondary,Yes,No,0.3,63.0,6.3,6,38.0,34,False,F
S00172,20.0,Female,Public,Secondary,Yes,No,4.1,54.3,4.8,6,70.0,75,True,A
S00173,25.0,Female,Public,Diploma,Yes,Yes,3.8,42.7,7.8,0,33.0,56,True,C
S00174,25.0,Male,Public,BSc,Yes,No,3.9,85.7,8.5,0,45.0,59,True,C
S00175,20.0,Male,Public,Primary,No,Yes,1.2,93.1,8.6,3,43.0,47,False,D
S00176,18.0,Male,Public,BSc,Yes,Yes,0.9,98.4,8.3,2,46.0,65,True,B
S00177,20.0,Male,Public,Primary,Yes,No,5.7,61.3,7.2,2,81.0,90,True,A+
S00178,25.0,Male,Public,Diploma,Yes,No,2.1,57.4,6.4,2,32.0,32,False,F
S00179,19.0,Male,Public,BSc,Yes,No,2.6,44.4,8.1,9,40.0,47,False,D
S00180,23.0,Male,Private,,Yes,No,4.7,44.0,6.6,0,60.0,68,True,B
S00181,21.0,Male,Private,MSc/PhD,Yes,Yes,4.2,39.5,5.2,2,53.0,63,True,B
S00182,17.0,Female,Private,MSc/PhD,Yes,Yes,4.0,49.9,7.7,11,53.0,76,True,A
S00183,24.0,Male,Public,Diploma,Yes,Yes,,63.4,7.2,5,46.0,64,True,B
S00184,23.0,Female,Public,MSc/PhD,Yes,No,5.9,88.2,6.5,1,76.0,93,True,A+
S00185,18.0,Male,Public,Diploma,Yes,Yes,5.7,49.4,8.1,6,78.0,81,True,A+
S00186,25.0,Male,Public,Secondary,No,Yes,3.6,41.3,5.9,1,47.0,59,True,C
S00187,23.0,Female,Private,Secondary,yes,No,3.4,69.7,5.4,9,56.0,78,True,A
S00188,24.0,Female,Public,MSc/PhD,No,Yes,6.0,89.0,7.7,1,95.0,100,True,A+
S00189,17.0,Male,Private,Primary,No,Yes,2.1,97.5,8.3,8,64.0,72,True,A
S00190,24.0,Male,Public,Primary,Yes,Yes,1.1,82.8,9.5,2,33.0,52,True,C
S00191,22.0,Male,Private,BSc,No,No,3.8,75.0,8.3,0,66.0,74,True,A
S00192,18.0,Female,Public,MSc/PhD,Yes,No,5.2,47.3,7.1,5,59.0,66,True,B
S00193,25.0,Female,Public,None,Yes,Yes,4.7,83.5,10.0,0,78.0,100,True,A+
S00194,20.0,Male,Public,None,Yes,Yes,2.4,98.3,5.5,8,53.0,85,True,A+
S00195,20.0,Female,Public,BSc,Yes,Yes,2.6,88.4,9.4,4,54.0,68,True,B
S00196,22.0,Female,Public,MSc/PhD,Yes,No,,78.7,7.8,0,22.0,30,False,F
S00197,24.0,Female,Public,Secondary,Yes,Yes,0.7,64.2,7.9,14,51.0,49,False,D
S00198,21.0,Female,Public,Secondary,Yes,No,3.7,63.8,,9,32.0,56,True,C
S00199,17.0,Male,Private,BSc,No,No,4.7,69.9,7.5,9,63.0,75,True,A
S00200,23.0,Male,Private,Primary, Yes ,No,2.0,50.2,5.1,3,35.0,40,False,D
S00201,19.0,Male,Public,BSc,Yes,No,6.0,41.4,6.5,7,60.0,87,True,A+
S00202,24.0,Male,Public,BSc,Yes,No,0.3,92.7,7.5,6,42.0,34,False,F
S00203,20.0,Female,Private,Diploma,Yes,No,4.2,39.4,5.8,4,59.0,50,True,C
S00204,18.0,Male,Public,Diploma,No,No,0.3,50.9,7.5,1,34.0,19,False,F
S00205,20.0,Male,Public,Primary,No,No,5.2,56.5,6.8,5,54.0,80,True,A+
S00206,23.0,Female,Public,Primary,No,No,1.9,88.8,9.4,2,37.0,55,True,C
S00207,24.0,Male,Public,BSc,yes,No,4.0,60.6,6.1,8,57.0,62,True,B
S00208,18.0,Male,Public,MSc/PhD,Yes,No,4.7,41.9,5.1,0,57.0,55,True,C
S00209,18.0,Male,Public,None,Yes,No,2.4,43.4,7.4,2,46.0,48,False,D
S00210,19.0,Male,Public,BSc,Yes,No,3.7,97.4,7.5,5,,72,True,A
S00211,22.0,Male,Public,Primary,Yes,No,2.5,46.4,8.2,7,,49,False,D
S00212,21.0,Male,Public,Secondary,No,No,2.2,78.4,5.2,7,49.0,38,False,F
S00213,25.0,Male,Private,Secondary, Yes ,No,3.8,91.0,5.4,6,73.0,87,True,A+
S00214,22.0,Female,Private,Diploma,No,Yes,1.2,66.0,3.9,2,61.0,41,False,D
S00215,23.0,Male,Public,Secondary,Yes,No,5.2,59.0,7.4,10,93.0,77,True,A
S00216,25.0,Female,Private,Primary,Yes,No,6.4,65.5,5.0,9,72.0,91,True,A+
S00217,17.0,Male,Private,Secondary,Yes,No,4.2,87.3,5.4,13,85.0,89,True,A+
S00218,25.0,Male,Private,Primary,No,No,3.3,77.2,7.9,6,52.0,78,True,A
S00219,17.0,Female,Public,Diploma,No,Yes,2.7,61.1,5.3,8,50.0,48,False,D
S00220,23.0,Female,Public,Diploma,Yes,No,2.1,68.2,6.6,3,41.0,66,True,B
S00221,22.0,Male,Private,Secondary,Yes,Yes,,74.4,5.0,2,72.0,73,True,A
S00222,17.0,Male,Public,Diploma,Yes,No,3.7,76.8,7.0,1,49.0,80,True,A+
S00223,19.0,Female,Private,Primary,Yes,Yes,2.5,79.4,5.8,7,63.0,84,True,A+
S00224,24.0,Female,Public,None,Yes,No,2.4,75.2,7.7,3,36.0,54,True,C
S00225,25.0,Female,Private,Primary,Yes,Yes,5.7,55.7,6.2,10,86.0,80,True,A+
S00226,20.0,Female,Public,BSc,Yes,Yes,0.7,48.7,6.1,4,27.0,22,False,F
S00227,23.0,Female,Public,Secondary,Yes,Yes,4.3,43.8,8.0,7,75.0,72,True,A
S00228,22.0,Male,Private,BSc,No,Yes,3.1,98.3,6.8,8,73.0,85,True,A+
S00229,24.0,Female,Private,MSc/PhD,Yes,No,6.5,65.2,7.9,6,68.0,94,True,A+
S00230,20.0,Female,Private,None,Yes,No,6.3,75.4,7.5,8,81.0,100,True,A+
S00231,23.0,Male,Private,Secondary,Yes,No,0.9,46.1,6.6,6,24.0,15,False,F
S00232,17.0,Female,Public,MSc/PhD,No,No,1.3,83.1,8.3,6,44.0,53,True,C
S00233,20.0,Male,Public,Diploma,Yes,Yes,0.9,87.9,8.2,0,57.0,47,False,D
S00234,20.0,Female,Private,Secondary,Yes,No,1.6,38.2,7.5,10,27.0,15,False,F
S00235,20.0,Male,Private,Secondary,Yes,No,2.3,54.4,4.7,4,44.0,45,False,D
S00236,18.0,Male,Public,Primary,No,Yes,5.9,58.0,7.7,5,91.0,84,True,A+
S00237,19.0,Male,Private,BSc,Yes,No,2.5,38.8,7.3,10,26.0,39,False,F
S00238,22.0,Female,Public,Secondary,Yes,Yes,1.9,51.7,6.5,6,46.0,31,False,F
S00239,20.0,Male,Public,Secondary,Yes,No,1.8,64.8,9.5,7,26.0,66,True,B
S00240,18.0,Male,Private,Diploma,yes,Yes,,70.2,7.4,6,63.0,92,True,A+
S00241,25.0,Female,Public,BSc,No,No,3.8,82.4,5.8,9,77.0,86,True,A+
S00242,24.0,Male,Public,BSc,Yes,No,6.4,79.0,8.3,2,91.0,94,True,A+
S00243,18.0,Female,Private,Secondary,Yes,Yes,4.2,76.1,7.7,1,64.0,78,True,A
S00244,19.0,Female,Private,Diploma,Yes,Yes,0.4,50.4,6.9,2,31.0,35,False,F
S00245,19.0,Female,Private,Primary,Yes,No,2.7,48.7,8.2,2,37.0,32,False,F
S00246,25.0,Male,Public,Diploma,No,No,4.9,61.6,7.8,0,80.0,78,True,A
S00247,22.0,Male,Public,BSc,Yes,Yes,3.0,51.1,7.6,2,50.0,41,False,D
S00248,21.0,Female,Public,BSc,Yes,Yes,3.2,74.0,6.3,7,58.0,54,True,C
S00249,23.0,Male,Private,Secondary,Yes,Yes,6.2,78.8,8.9,6,78.0,100,True,A+
S00250,21.0,Male,Public,Primary,Yes,Yes,2.5,45.5,6.8,3,30.0,50,True,C
S00251,17.0,Male,Public,MSc/PhD,No,No,6.5,89.8,4.6,4,97.0,84,True,A+
S00252,25.0,Female,Public,Primary,Yes,No,6.1,36.9,6.3,7,56.0,78,True,A
S00253,22.0,Male,Private,None,Yes,No,0.5,72.3,7.1,9,20.0,33,False,F
S00254,17.0,Male,Public,Secondary,Yes,No,1.1,48.8,7.3,7,31.0,34,False,F
S00255,19.0,Female,Public,Secondary,Yes,No,0.8,82.6,7.5,9,31.0,34,False,F
S00256,23.0,Male,Public,BSc,Yes,No,2.0,59.9,5.3,9,42.0,48,False,D
S00257,24.0,Male,Public,BSc,No,Yes,4.4,35.7,5.2,5,59.0,72,True,A
S00258,18.0,Male,Private,BSc,Yes,Yes,3.5,53.7,3.9,6,54.0,67,True,B
S00259,22.0,Male,Public,Diploma,Yes,No,3.5,93.0,7.0,9,75.0,79,True,A
S00260,20.0,Female,Public,MSc/PhD,Yes,No,5.9,70.4,5.7,9,77.0,85,True,A+
S00261,20.0,Female,Private,Primary,No,No,6.1,97.9,8.1,4,87.0,90,True,A+
S00262,18.0,Male,Public,Primary,Yes,No,1.3,60.3,8.1,2,47.0,40,False,D
S00263,24.0,Female,Private,BSc,Yes,No,3.1,41.7,7.8,6,33.0,42,False,D
S00264,18.0,Female,Private,BSc,Yes,No,5.7,44.4,8.1,1,61.0,81,True,A+
S00265,22.0,Male,Public,BSc,No,No,2.4,86.0,6.9,4,20.0,35,False,F
S00266,21.0,Male,Public,Primary,Yes,No,6.0,47.1,9.3,10,61.0,88,True,A+
S00267,17.0,Male,Public,BSc,No,No,5.6,43.7,5.9,7,77.0,57,True,C
S00268,21.0,Female,Public,MSc/PhD,Yes,No,3.7,50.4,9.4,7,40.0,74,True,A
S00269,17.0,Male,Private,None,Yes,Yes,3.8,66.0,9.3,1,44.0,68,True,B
S00270,21.0,Female,Public,Secondary,Yes,Yes,4.9,47.8,6.2,8,65.0,75,True,A
S00271,19.0,Female,Private,Primary,No,Yes,4.6,45.0,6.4,8,46.0,62,True,B
S00272,20.0,Female,Public,Primary,Yes,No,6.0,57.6,7.4,10,68.0,87,True,A+
S00273,17.0,Male,Public,Diploma,Yes,No,3.0,94.8,5.4,1,69.0,86,True,A+
S00274,20.0,Female,Public,MSc/PhD,No,No,5.3,55.9,4.8,1,93.0,65,True,B
S00275,17.0,Female,Public,Secondary,Yes,No,5.1,62.0,8.6,8,69.0,68,True,B
S00276,25.0,Female,Public,Secondary,Yes,No,0.8,81.5,5.5,0,23.0,36,False,F
S00277,22.0,Male,Private,Diploma,Yes,Yes,4.8,83.1,6.0,8,73.0,100,True,A+
S00278,20.0,Female,Private,Diploma,Yes,No,,39.3,,10,59.0,84,True,A+
S00279,17.0,Female,Public,None,Yes,No,4.8,89.0,8.1,4,58.0,88,True,A+
S00280,21.0,Female,Private,BSc,Yes,No,4.2,53.2,8.7,2,52.0,65,True,B
S00281,18.0,Female,Public,Diploma,Yes,No,0.5,95.1,6.1,0,44.0,46,False,D
S00282,19.0,Female,Public,BSc, Yes ,No,1.6,58.1,6.4,5,56.0,48,False,D
S00283,18.0,Female,Public,Diploma,Yes,Yes,2.1,50.4,6.4,0,38.0,33,False,F
S00284,19.0,Male,Public,Secondary,Yes,No,1.9,92.6,6.7,10,53.0,44,False,D
S00285,21.0,Female,Private,Primary,Yes,No,,43.3,7.1,3,40.0,61,True,B
S00286,22.0,Male,Public,MSc/PhD,Yes,No,1.9,43.0,8.7,6,25.0,40,False,D
S00287,20.0,Male,Public,Secondary,Yes,No,3.1,39.5,6.7,9,31.0,33,False,F
S00288,17.0,Male,Public,Secondary,No,Yes,1.5,37.8,6.4,6,21.0,38,False,F
S00289,25.0,Female,Public,Secondary,Yes,No,2.7,57.1,8.8,8,47.0,48,False,D
S00290,20.0,Male,Public,Secondary,Yes,No,,78.7,6.0,0,32.0,29,False,F
S00291,24.0,Male,Public,Secondary,No,No,2.8,48.5,9.4,2,43.0,37,False,F
S00292,19.0,Male,Private,Secondary,No,No,3.1,,7.4,7,72.0,68,True,B
S00293,20.0,Female,Public,Secondary,Yes,No,0.5,56.9,5.2,7,20.0,30,False,F
S00294,23.0,Female,Public,MSc/PhD,Yes,Yes,4.4,53.0,6.1,7,,79,True,A
S00295,21.0,Male,Private,MSc/PhD,Yes,No,,57.2,7.4,4,37.0,54,True,C
S00296,27.0,Male,Public,Secondary,Yes,No,2.6,84.3,6.9,3,38.0,47,False,D
S00297,21.0,Male,Private,BSc,Yes,Yes,4.2,,6.4,2,67.0,65,True,B
S00298,24.0,Female,Public,Diploma,Yes,No,5.9,89.4,4.5,7,87.0,99,True,A+
S00299,24.0,Female,Public,Secondary,Yes,Yes,0.8,67.6,7.6,8,39.0,39,False,F
S00300,20.0,Male,Public,BSc,Yes,Yes,2.3,90.1,7.4,0,48.0,59,True,C
S00301,21.0,Male,Public,Diploma,No,No,3.2,98.3,8.3,10,54.0,71,True,A
S00302,21.0,Male,Public,Secondary,Yes,Yes,6.5,80.6,5.4,2,93.0,100,True,A+
S00303,21.0,Male,Public,Diploma,Yes,Yes,2.2,98.3,10.0,7,53.0,57,True,C
S00304,21.0,Female,Public,Secondary,Yes,No,0.6,97.8,7.3,9,35.0,39,False,F
S00305,22.0,Male,Private,BSc,No,Yes,4.0,44.1,5.2,9,54.0,57,True,C
S00306,21.0,Female,Private,BSc,Yes,Yes,4.2,96.4,9.3,4,77.0,99,True,A+
S00307,23.0,Female,Public,Diploma,No,No,3.6,85.5,7.5,2,48.0,68,True,B
S00308,22.0,Male,Public,MSc/PhD,Yes,No,5.9,66.4,6.0,1,55.0,80,True,A+
S00309,17.0,Male,Private,BSc,Yes,No,1.9,44.3,5.5,1,39.0,31,False,F
S00310,22.0,Male,Public,BSc,Yes,No,5.6,84.1,9.3,9,67.0,90,True,A+
S00311,19.0,Female,Public,Secondary,Yes,No,5.2,52.5,7.5,4,57.0,69,True,B
S00312,21.0,Male,Public,Diploma,Yes,No,2.5,56.8,5.3,2,41.0,41,False,D
S00313,21.0,Female,Public,Primary,Yes,Yes,3.3,37.3,7.2,1,46.0,61,True,B
S00314,25.0,Female,Public,BSc,Yes,Yes,4.3,38.0,6.6,6,65.0,65,True,B
S00315,24.0,Female,Public,Secondary,Yes,Yes,3.9,72.2,9.5,0,70.0,71,True,A
S00316,16.0,Male,Public,MSc/PhD,No,Yes,2.0,68.6,6.3,1,57.0,45,False,D
S00317,21.0,Female,Public,Secondary,No,No,5.2,,6.9,5,,73,True,A
S00318,20.0,Male,Private,Primary,No,No,1.3,92.2,8.6,5,48.0,63,True,B
S00319,24.0,Female,Public,Secondary,Yes,No,3.4,37.9,7.8,7,40.0,56,True,C
S00320,17.0,Male,Private,BSc,Yes,Yes,1.4,85.9,6.6,5,37.0,68,True,B
S00321,21.0,Female,Public,Primary,yes,Yes,5.6,38.8,5.3,5,74.0,91,True,A+
S00322,25.0,Female,Public,Primary,Yes,Yes,1.3,84.3,8.1,9,55.0,52,True,C
S00323,18.0,Male,Public,Secondary,Yes,No,2.6,60.4,6.4,7,49.0,40,False,D
S00324,23.0,Female,Private,Secondary,Yes,No,5.7,78.4,7.3,10,80.0,81,True,A+
S00325,21.0,Female,Public,BSc,yes,Yes,5.8,37.6,5.3,2,77.0,79,True,A
S00326,18.0,Female,Private,MSc/PhD,Yes,No,5.0,70.0,8.7,0,74.0,84,True,A+
S00327,24.0,Female,Private,Primary,Yes,No,1.8,39.8,6.7,1,43.0,31,False,F
S00328,21.0,Female,Public,Diploma,Yes,No,3.5,84.7,7.2,1,53.0,73,True,A
S00329,20.0,Male,Public,Secondary,Yes,No,1.2,72.2,6.0,9,41.0,54,True,C
S00330,24.0,Male,Private,Secondary,Yes,No,1.0,41.3,8.5,11,20.0,40,False,D
S00331,23.0,Male,Private,Secondary,Yes,Yes,5.4,92.2,6.7,5,93.0,96,True,A+
S00332,20.0,Male,Public,Diploma,No,No,5.7,46.2,6.7,0,79.0,100,True,A+
S00333,22.0,Female,Private,Secondary,Yes,No,0.5,89.6,7.9,2,35.0,52,True,C
S00334,17.0,Male,Public,BSc,Yes,Yes,1.7,72.8,7.9,1,47.0,43,False,D
S00335,24.0,Female,Private,None, Yes ,Yes,4.7,78.2,5.8,1,79.0,100,True,A+
S00336,23.0,Male,Private,None,Yes,Yes,1.7,75.9,8.5,0,55.0,44,False,D
S00337,25.0,Male,Public,Diploma,Yes,No,0.6,69.9,5.3,3,20.0,27,False,F
S00338,25.0,Male,Public,BSc,Yes,No,1.1,38.0,7.0,2,23.0,10,False,F
S00339,21.0,Female,Public,Secondary,Yes,Yes,4.5,51.2,7.6,0,77.0,78,True,A
S00340,19.0,Male,Private,Diploma,Yes,No,4.7,46.3,6.6,7,61.0,71,True,A
S00341,25.0,Male,Private,BSc, Yes ,No,6.4,93.2,8.8,6,85.0,100,True,A+
S00342,18.0,Female,Private,Secondary,Yes,Yes,5.5,38.9,5.2,5,66.0,88,True,A+
S00343,22.0,Male,Private,None,Yes,No,4.9,74.6,8.0,4,60.0,80,True,A+
S00344,22.0,Female,Public,BSc,Yes,Yes,4.4,93.6,8.0,8,73.0,91,True,A+
S00345,18.0,Male,Public,Secondary,No,No,2.3,76.3,9.4,3,32.0,57,True,C
S00346,24.0,Male,Public,Diploma,Yes,No,3.2,86.5,6.8,1,56.0,50,True,C
S00347,17.0,Female,Private,,No,No,1.4,37.9,6.6,5,20.0,25,False,F
S00348,22.0,Male,Public,BSc,Yes,No,3.0,37.8,6.7,3,36.0,40,False,D
S00349,22.0,Female,Public,BSc,No,No,4.2,55.3,7.0,3,65.0,58,True,C
S00350,22.0,Female,Public,Primary,Yes,Yes,3.8,50.5,6.0,4,61.0,58,True,C
S00351,17.0,Female,Public,MSc/PhD,No,No,2.4,61.2,5.6,9,55.0,39,False,F
S00352,24.0,Female,Public,BSc,yes,No,1.2,89.4,5.6,6,53.0,38,False,F
S00353,18.0,Female,Public,Primary,No,Yes,4.5,71.6,7.7,4,81.0,79,True,A
S00354,24.0,Male,Public,Secondary,Yes,Yes,3.4,54.5,6.0,4,36.0,55,True,C
S00355,23.0,Female,Public,Diploma,Yes,Yes,5.2,73.4,8.5,10,66.0,88,True,A+
S00356,25.0,Female,Public,Diploma,No,Yes,2.0,89.2,4.7,2,55.0,53,True,C
S00357,21.0,Female,Public,Secondary,Yes,Yes,2.6,35.1,7.1,4,32.0,58,True,C
S00358,25.0,Female,Public,Secondary,Yes,No,4.7,37.5,6.1,7,73.0,78,True,A
S00359,19.0,Male,Public,BSc,Yes,No,2.1,53.5,8.2,10,39.0,50,True,C
S00360,25.0,Male,Public,BSc,Yes,No,4.2,46.6,7.8,2,67.0,72,True,A
S00361,21.0,Female,Private,None,Yes,Yes,4.8,72.7,7.2,8,63.0,90,True,A+
S00362,18.0,Male,Public,MSc/PhD,Yes,No,1.3,65.4,8.0,8,47.0,39,False,F
S00363,23.0,Male,Public,Secondary,Yes,No,5.7,54.7,6.3,9,63.0,83,True,A+
S00364,18.0,Female,Public,BSc,Yes,No,4.1,91.6,9.6,4,73.0,71,True,A
S00365,25.0,Male,Private,MSc/PhD,Yes,Yes,1.5,86.1,6.4,7,52.0,66,True,B
S00366,23.0,Male,Public,Secondary,yes,No,1.8,43.2,7.6,9,25.0,37,False,F
S00367,17.0,Male,Public,BSc,Yes,No,1.9,70.8,,14,56.0,58,True,C
S00368,18.0,Female,Public,Secondary,No,No,5.6,88.7,6.3,10,76.0,100,True,A+
S00369,22.0,Female,Public,Primary,Yes,No,0.4,59.1,7.9,6,42.0,38,False,F
S00370,25.0,Male,Public,Primary,Yes,Yes,5.9,60.5,8.0,3,69.0,100,True,A+
S00371,19.0,Female,Public,BSc,Yes,Yes,3.4,83.2,6.7,9,69.0,75,True,A
S00372,18.0,Male,Public,MSc/PhD,Yes,No,6.1,47.1,6.9,6,73.0,86,True,A+
S00373,25.0,Male,Private,None,Yes,Yes,0.9,,7.2,9,42.0,54,True,C
S00374,21.0,Female,Public,Diploma,Yes,No,6.2,87.0,8.1,4,80.0,100,True,A+
S00375,19.0,Male,Public,Primary,Yes,No,3.9,71.8,8.0,3,57.0,64,True,B
S00376,19.0,Female,Public,Diploma,Yes,Yes,6.0,75.6,6.8,3,97.0,100,True,A+
S00377,18.0,Male,Public,Secondary,yes,No,2.2,39.5,6.3,3,30.0,34,False,F
S00378,19.0,Male,Public,,Yes,Yes,,71.6,5.2,0,42.0,43,False,D
S00379,18.0,Male,Private,MSc/PhD,No,Yes,5.0,36.7,7.7,14,50.0,79,True,A
S00380,25.0,Female,Public,Diploma,Yes,Yes,1.1,91.9,8.5,4,54.0,60,True,B
S00381,17.0,Male,Public,Secondary,Yes,No,1.4,66.6,6.7,14,29.0,44,False,D
S00382,20.0,Male,Public,Diploma,Yes,No,3.5,80.0,5.3,5,57.0,62,True,B
S00383,23.0,Female,Public,BSc,Yes,Yes,0.9,47.7,6.1,4,29.0,31,False,F
S00384,17.0,Female,Public,Diploma,Yes,Yes,1.0,92.2,8.6,0,36.0,66,True,B
S00385,22.0,Female,Public,BSc,No,No,1.4,41.2,8.3,5,29.0,27,False,F
S00386,25.0,Male,Private,Primary,No,Yes,1.4,61.8,8.4,0,26.0,55,True,C
S00387,23.0,Male,Public,MSc/PhD,No,No,1.3,95.0,6.3,6,43.0,60,True,B
S00388,22.0,Female,Public,MSc/PhD,Yes,Yes,1.1,53.0,6.0,3,26.0,45,False,D
S00389,24.0,Male,Public,Diploma,No,No,1.0,71.7,4.6,6,36.0,41,False,D
S00390,17.0,Male,Private,MSc/PhD,No,No,3.6,47.3,6.5,10,41.0,57,True,C
S00391,19.0,Male,Public,Secondary,Yes,Yes,4.5,65.1,5.4,4,65.0,70,True,A
S00392,25.0,Male,Public,BSc,Yes,No,3.0,67.2,7.7,6,63.0,63,True,B
S00393,22.0,Male,Private,Secondary,yes,Yes,2.1,96.8,10.0,8,75.0,92,True,A+
S00394,19.0,Female,Public,Primary,Yes,No,0.7,51.1,8.0,4,20.0,53,True,C
S00395,22.0,Female,Public,MSc/PhD,Yes,No,6.4,44.7,6.9,4,73.0,85,True,A+
S00396,19.0,Male,Private,MSc/PhD,Yes,No,6.3,59.6,5.0,3,75.0,97,True,A+
S00397,19.0,Male,Public,Primary,Yes,No,1.3,71.9,8.4,3,20.0,50,True,C
S00398,17.0,Male,Private,BSc,Yes,No,4.2,54.8,7.1,6,70.0,75,True,A
S00399,18.0,Male,Public,Diploma,No,No,0.7,96.7,7.7,3,47.0,36,False,F
S00400,25.0,Male,Public,BSc,No,No,5.7,88.6,6.3,7,74.0,97,True,A+
S00401,21.0,Female,Private,Diploma,Yes,Yes,3.1,,6.8,3,44.0,56,True,C
S00402,21.0,Female,Private,Diploma,Yes,No,1.4,40.0,8.5,3,52.0,39,False,F
S00403,20.0,Male,Public,MSc/PhD,Yes,No,1.4,80.2,9.4,8,40.0,71,True,A
S00404,18.0,Female,Private,Secondary,Yes,Yes,6.4,51.0,8.2,7,81.0,98,True,A+
S00405,18.0,Female,Public,Secondary,Yes,No,0.6,81.2,6.9,9,33.0,37,False,F
S00406,24.0,Male,Public,None,Yes,No,0.7,93.4,5.5,0,,35,False,F
S00407,24.0,Male,Private,BSc,No,No,2.2,46.8,6.7,6,42.0,42,False,D
S00408,21.0,Male,Public,Diploma,No,No,1.9,44.2,8.6,4,23.0,28,False,F
S00409,18.0,Male,Public,Secondary,Yes,No,6.0,55.1,7.7,8,68.0,84,True,A+
S00410,25.0,Male,Public,None,Yes,Yes,0.7,76.2,4.3,10,49.0,35,False,F
S00411,17.0,Female,Private,Primary,Yes,Yes,3.8,51.4,6.3,10,52.0,55,True,C
S00412,18.0,Female,Public,Primary,Yes,Yes,6.4,37.2,7.3,4,75.0,70,True,A
S00413,24.0,Male,Public,Primary,Yes,Yes,3.6,49.5,9.3,10,51.0,67,True,B
S00414,19.0,Male,Private,Primary,Yes,No,3.8,71.9,5.5,1,70.0,77,True,A
S00415,22.0,Female,Public,Diploma,Yes,Yes,0.9,89.5,6.4,6,54.0,69,True,B
S00416,25.0,Male,Private,BSc,Yes,No,1.7,88.1,5.8,2,32.0,44,False,D
S00417,25.0,Female,Private,Secondary,Yes,No,1.0,97.7,7.3,10,37.0,75,True,A
S00418,19.0,Male,Private,Primary,Yes,Yes,4.8,50.5,8.7,4,56.0,84,True,A+
S00419,21.0,Male,Private,BSc,Yes,Yes,5.1,65.5,7.4,8,56.0,80,True,A+
S00420,18.0,Female,Public,BSc,No,No,6.4,82.0,7.0,7,78.0,100,True,A+
S00421,18.0,Female,Public,BSc,No,No,5.9,95.4,8.1,1,85.0,92,True,A+
S00422,25.0,Male,Public,Secondary,Yes,Yes,4.0,98.0,6.5,0,68.0,72,True,A
S00423,22.0,Female,Public,Secondary,Yes,Yes,4.3,50.4,7.6,4,54.0,80,True,A+
S00424,24.0,Male,Public,Secondary,No,Yes,0.6,53.9,7.5,8,27.0,43,False,D
S00425,18.0,Female,Public,Secondary,Yes,No,2.6,63.2,5.4,7,45.0,45,False,D
S00426,19.0,Female,Private,Diploma,Yes,No,5.2,85.4,7.5,0,79.0,96,True,A+
S00427,24.0,Male,Private,Secondary,Yes,No,5.5,51.0,6.4,8,66.0,83,True,A+
S00428,17.0,Female,Public,BSc,Yes,No,5.9,75.5,7.2,2,71.0,90,True,A+
S00429,25.0,Female,Private,Primary,Yes,No,2.6,95.1,8.3,10,65.0,77,True,A
S00430,21.0,Male,Public,BSc,yes,Yes,0.7,92.1,6.6,0,62.0,43,False,D
S00431,17.0,Male,Private,Primary,Yes,No,4.1,50.1,5.9,7,65.0,72,True,A
S00432,17.0,Female,Public,BSc,Yes,Yes,0.6,64.2,6.4,10,40.0,51,True,C
S00433,22.0,Female,Public,None,Yes,No,3.0,41.0,8.7,3,52.0,39,False,F
S00434,21.0,Female,Public,Primary,yes,No,1.3,40.0,8.2,10,42.0,32,False,F
S00435,20.0,Female,Public,Secondary,Yes,Yes,4.1,70.5,6.8,2,65.0,80,True,A+
S00436,21.0,Female,Public,Primary,Yes,No,6.4,86.4,7.4,2,92.0,100,True,A+
S00437,18.0,Male,Public,Primary,Yes,No,3.2,71.6,6.0,0,35.0,68,True,B
S00438,23.0,Female,Public,Diploma,No,No,2.9,47.5,6.5,10,49.0,57,True,C
S00439,18.0,Female,Public,Secondary,Yes,Yes,3.0,81.6,8.2,3,45.0,79,True,A
S00440,25.0,Male,Private,Primary,Yes,No,5.6,,,2,75.0,87,True,A+
S00441,23.0,Female,Private,Secondary,Yes,No,5.0,67.1,6.7,0,73.0,89,True,A+
S00442,17.0,Female,Public,None,Yes,No,2.3,59.4,7.3,1,37.0,46,False,D
S00443,23.0,Male,Public,Primary,Yes,No,1.0,57.7,,5,37.0,21,False,F
S00444,19.0,Male,Private,Diploma,Yes,No,0.6,56.1,7.2,7,45.0,38,False,F
S00445,17.0,Female,Public,Diploma,Yes,No,5.7,91.8,6.5,7,95.0,88,True,A+
S00446,22.0,Male,Public,Primary,Yes,Yes,5.5,94.0,5.9,8,74.0,90,True,A+
S00447,18.0,Female,Public,Diploma,Yes,No,1.1,,6.0,10,53.0,52,True,C
S00448,18.0,Male,Private,Secondary,Yes,No,,55.8,5.6,11,60.0,78,True,A
S00449,19.0,Male,Public,Secondary,Yes,No,2.0,68.3,7.5,4,39.0,49,False,D
S00450,23.0,Male,Public,MSc/PhD,No,No,0.8,59.0,7.5,2,30.0,31,False,F
S00451,20.0,Female,Public,MSc/PhD,Yes,No,5.2,61.9,7.1,0,44.0,69,True,B
S00452,18.0,Male,Private,BSc,Yes,No,1.6,87.0,6.5,11,69.0,44,False,D
S00453,25.0,Male,Public,BSc,Yes,Yes,2.3,88.3,6.4,1,70.0,64,True,B
S00454,22.0,Male,Private,,yes,Yes,1.1,97.6,6.4,7,53.0,75,True,A
S00455,23.0,Male,Public,Secondary,Yes,No,5.2,95.0,6.9,10,60.0,100,True,A+
S00456,19.0,Female,Public,Secondary,Yes,No,0.9,67.2,9.3,7,34.0,38,False,F
S00457,16.0,Female,Public,MSc/PhD,Yes,No,1.7,55.0,6.7,9,35.0,37,False,F
S00458,22.0,Female,Public,Diploma,No,No,4.1,64.7,5.9,9,57.0,68,True,B
S00459,20.0,Female,Private,None,Yes,Yes,6.4,65.3,6.7,14,78.0,100,True,A+
S00460,19.0,Female,Public,BSc,Yes,No,0.8,42.9,6.3,8,25.0,38,False,F
S00461,23.0,Male,Public,Secondary,Yes,No,0.7,59.8,5.8,7,33.0,39,False,F
S00462,27.0,Male,Public,Diploma,Yes,No,5.7,99.2,9.2,0,90.0,100,True,A+
S00463,22.0,Female,Public,Diploma,Yes,Yes,3.6,83.5,6.9,8,49.0,70,True,A
S00464,23.0,Female,Private,Diploma,Yes,No,5.9,63.7,7.7,5,75.0,85,True,A+
S00465,17.0,Male,Public,Secondary,Yes,No,0.6,77.5,7.2,7,26.0,36,False,F
S00466,18.0,Female,Public,Primary,Yes,Yes,3.9,43.5,6.2,10,62.0,70,True,A
S00467,25.0,Female,Public,Secondary,Yes,No,6.1,81.1,5.9,7,84.0,78,True,A
S00468,17.0,Female,Public,Primary,No,No,5.8,85.5,6.2,8,96.0,100,True,A+
S00469,22.0,Female,Private,Secondary,Yes,Yes,0.9,61.7,5.4,2,41.0,38,False,F
S00470,18.0,Female,Public,MSc/PhD,Yes,No,2.9,80.7,8.5,7,56.0,71,True,A
S00471,21.0,Male,Public,BSc, Yes ,No,3.5,61.3,6.3,8,47.0,62,True,B
S00472,25.0,Female,Private,Secondary,No,No,5.2,81.1,5.0,2,78.0,83,True,A+
S00473,24.0,Female,Private,Diploma,Yes,Yes,4.1,77.7,8.1,2,83.0,74,True,A
S00474,25.0,Female,Public,BSc,Yes,No,4.9,84.0,8.4,4,69.0,79,True,A
S00475,21.0,Male,Public,BSc,Yes,No,5.5,39.2,6.7,4,81.0,73,True,A
S00476,21.0,Female,Private,Diploma,Yes,Yes,2.5,97.1,5.9,5,45.0,64,True,B
S00477,25.0,Male,Public,Secondary,Yes,No,1.8,94.7,,3,59.0,70,True,A
S00478,19.0,Female,Public,None,Yes,No,1.6,94.6,8.7,10,53.0,60,True,B
S00479,19.0,Male,Private,Primary,Yes,No,1.0,93.8,5.2,9,52.0,47,False,D
S00480,21.0,Female,Public,Primary,Yes,No,0.4,44.2,7.2,1,20.0,16,False,F
S00481,18.0,Male,Public,BSc,Yes,No,,55.5,8.5,4,24.0,41,False,D
S00482,18.0,Male,Public,Primary,Yes,No,0.7,42.1,9.3,3,27.0,21,False,F
S00483,18.0,Male,Public,None,Yes,Yes,0.4,51.1,8.4,4,20.0,19,False,F
S00484,25.0,Male,Public,MSc/PhD,Yes,No,0.7,90.6,8.7,10,57.0,53,True,C
S00485,17.0,Female,Private,BSc,Yes,No,4.0,64.1,9.3,8,55.0,81,True,A+
S00486,23.0,Female,Public,Secondary,Yes,No,3.7,69.6,6.7,5,58.0,57,True,C
S00487,18.0,Male,Public,Primary,Yes,Yes,4.8,88.4,6.7,7,80.0,98,True,A+
S00488,20.0,Male,Public,Secondary,Yes,Yes,3.1,66.8,6.4,10,49.0,72,True,A
S00489,22.0,Female,Public,BSc,Yes,Yes,3.9,84.5,7.8,5,62.0,81,True,A+
S00490,20.0,Male,Public,BSc,Yes,No,5.7,59.8,7.5,7,72.0,74,True,A
S00491,25.0,Male,Public,MSc/PhD,Yes,No,2.5,88.5,8.9,6,55.0,68,True,B
S00492,20.0,Male,Private,MSc/PhD,Yes,Yes,2.6,60.1,6.3,9,51.0,65,True,B
S00493,20.0,Male,Private,None,Yes,Yes,1.2,75.3,6.5,10,55.0,46,False,D
S00494,22.0,Female,Public,BSc,Yes,No,4.0,56.0,7.8,4,48.0,62,True,B
S00495,18.0,Male,Private,Diploma,Yes,Yes,1.0,57.0,8.4,3,45.0,35,False,F
S00496,22.0,Male,Public,Secondary,No,No,3.6,99.4,5.5,3,67.0,73,True,A
S00497,21.0,Female,Private,Secondary,Yes,Yes,3.1,58.6,7.3,3,42.0,64,True,B
S00498,17.0,Female,Public,Secondary,Yes,No,2.6,76.5,6.1,0,56.0,58,True,C
S00499,24.0,Male,Public,BSc,No,No,5.8,86.7,5.2,0,82.0,86,True,A+
S00500,18.0,Female,Public,Primary,Yes,No,4.2,40.0,5.5,3,,40,False,D
S00501,18.0,Male,Public,Secondary,Yes,No,1.8,70.4,4.9,5,44.0,40,False,D
S00502,22.0,Male,Public,BSc,Yes,Yes,4.7,57.8,6.8,0,74.0,58,True,C
S00503,18.0,Female,Public,Secondary,Yes,No,0.5,57.8,8.1,4,20.0,37,False,F
S00504,22.0,Male,Public,Diploma,No,No,0.6,59.1,7.7,2,30.0,38,False,F
S00505,23.0,Male,Public,Diploma,Yes,No,5.5,90.7,5.6,1,84.0,88,True,A+
S00506,24.0,Male,Public,Diploma,No,No,6.2,54.3,7.2,6,60.0,75,True,A
S00507,20.0,Male,Private,Secondary,Yes,Yes,2.8,50.0,8.5,9,44.0,60,True,B
S00508,23.0,Male,Private,Secondary,Yes,No,1.2,47.8,5.5,7,36.0,37,False,F
S00509,18.0,Male,Public,Diploma,Yes,Yes,4.1,47.9,8.5,5,77.0,84,True,A+
S00510,17.0,Male,Private,BSc,Yes,No,2.9,43.4,7.7,0,46.0,58,True,C
S00511,17.0,Male,Public,Diploma,Yes,No,5.6,56.9,7.4,10,73.0,71,True,A
S00512,20.0,Male,Public,Secondary,Yes,No,6.3,47.6,4.4,5,61.0,80,True,A+
S00513,24.0,Male,Public,Diploma,No,Yes,4.2,53.6,6.9,5,54.0,51,True,C
S00514,25.0,Male,Public,Diploma,Yes,No,3.2,75.1,8.1,1,52.0,71,True,A
S00515,20.0,Male,Private,Diploma,Yes,Yes,5.4,43.3,6.0,1,60.0,75,True,A
S00516,17.0,Male,Public,Diploma,Yes,No,,94.8,8.8,10,66.0,93,True,A+
S00517,25.0,Female,Public,BSc,No,No,2.4,97.2,5.3,3,56.0,46,False,D
S00518,19.0,Male,Public,BSc, Yes ,No,3.4,43.2,5.7,2,49.0,61,True,B
S00519,17.0,Female,Public,Diploma,Yes,No,3.4,96.2,7.1,5,64.0,58,True,C
S00520,25.0,Male,Public,Diploma,Yes,No,2.9,74.2,6.9,1,56.0,65,True,B
S00521,18.0,Female,Public,Primary,Yes,Yes,6.0,90.9,8.7,6,65.0,100,True,A+
S00522,18.0,Male,Public,Secondary,No,No,3.4,78.5,6.0,4,40.0,60,True,B
S00523,19.0,Male,Public,Secondary,Yes,No,6.1,87.4,7.7,9,75.0,97,True,A+
S00524,21.0,Female,Private,Secondary,Yes,Yes,1.5,69.5,5.5,3,32.0,27,False,F
S00525,24.0,Female,Public,BSc,No,No,0.9,39.0,7.5,7,37.0,34,False,F
S00526,21.0,Female,Public,Diploma,Yes,Yes,0.4,65.8,7.6,6,40.0,26,False,F
S00527,20.0,Male,Public,Secondary,Yes,No,3.2,42.0,5.8,2,63.0,42,False,D
S00528,20.0,Female,Private,BSc, Yes ,No,2.6,50.8,8.2,0,50.0,51,True,C
S00529,24.0,Female,Public,BSc,yes,Yes,2.3,59.5,,2,51.0,63,True,B
S00530,25.0,Female,Public,None,Yes,Yes,1.7,46.6,6.4,4,28.0,37,False,F
S00531,23.0,Female,Public,Diploma,Yes,Yes,0.5,87.8,7.7,8,38.0,65,True,B
S00532,20.0,Female,Public,MSc/PhD,No,No,5.5,85.7,6.9,13,98.0,84,True,A+
S00533,18.0,Female,Public,Secondary,Yes,No,4.3,40.1,7.5,3,60.0,62,True,B
S00534,24.0,Male,Public,MSc/PhD,Yes,Yes,2.9,80.7,6.4,8,71.0,63,True,B
S00535,23.0,Female,Public,Primary,Yes,No,6.2,45.7,8.1,10,76.0,80,True,A+
S00536,18.0,Female,Public,Diploma,Yes,No,4.8,63.2,5.8,1,72.0,67,True,B
S00537,22.0,Male,Private,Secondary,Yes,Yes,3.8,57.1,4.8,8,61.0,66,True,B
S00538,22.0,Female,Private,Secondary,Yes,No,1.8,48.6,7.7,5,21.0,30,False,F
S00539,22.0,Female,Public,MSc/PhD,No,Yes,0.7,86.6,7.4,5,39.0,51,True,C
S00540,25.0,Female,Private,Primary,Yes,No,5.1,55.2,8.3,2,72.0,91,True,A+
S00541,22.0,Male,Public,Diploma,Yes,No,4.4,82.5,7.7,8,67.0,78,True,A
S00542,21.0,Male,Private,BSc,Yes,Yes,5.6,92.7,7.1,0,94.0,100,True,A+
S00543,18.0,Female,Private,None,No,No,4.3,40.6,6.9,7,57.0,76,True,A
S00544,24.0,Male,Public,None,Yes,No,6.4,80.5,,8,84.0,97,True,A+
S00545,25.0,Female,Public,Primary,No,No,,57.0,6.1,0,69.0,77,True,A
S00546,17.0,Female,Public,Diploma,Yes,Yes,0.5,65.1,6.7,2,20.0,43,False,D
S00547,23.0,Female,Private,Secondary,No,No,4.9,83.5,6.7,10,73.0,89,True,A+
S00548,21.0,Male,Public,Secondary,Yes,No,2.1,78.7,7.1,10,53.0,57,True,C
S00549,25.0,Male,Private,Diploma,Yes,No,1.7,49.0,6.5,6,60.0,39,False,F
S00550,20.0,Female,Public,Primary,Yes,No,2.1,37.1,6.8,5,,36,False,F
S00551,17.0,Male,Public,BSc,Yes,No,3.0,48.9,8.0,8,32.0,51,True,C
S00552,24.0,Female,Public,Primary,No,No,2.3,75.5,5.9,8,40.0,50,True,C
S00553,18.0,Female,Public,,Yes,Yes,3.9,48.9,5.9,4,60.0,78,True,A
S00554,25.0,Female,Public,BSc,Yes,Yes,1.9,84.0,6.9,8,46.0,46,False,D
S00555,24.0,Female,Public,Secondary,Yes,Yes,6.4,54.9,6.7,4,90.0,99,True,A+
S00556,19.0,Female,Public,MSc/PhD,Yes,Yes,5.8,91.6,5.3,0,100.0,94,True,A+
S00557,23.0,Female,Public,Primary,Yes,Yes,0.7,99.2,7.7,9,,72,True,A
S00558,21.0,Male,Private,Secondary,Yes,No,1.9,94.6,,3,46.0,58,True,C
S00559,24.0,Female,Public,Secondary,Yes,No,4.3,80.9,9.3,7,51.0,68,True,B
S00560,17.0,Female,Public,Secondary,Yes,No,3.6,86.1,5.7,9,59.0,55,True,C
S00561,22.0,Male,Public,Diploma,Yes,Yes,3.4,95.9,5.3,3,63.0,63,True,B
S00562,22.0,Female,Private,BSc,Yes,No,4.8,69.4,6.3,10,66.0,85,True,A+
S00563,19.0,Male,Public,Secondary,Yes,No,2.3,87.8,6.9,5,46.0,49,False,D
S00564,20.0,Male,Public,Primary,Yes,No,1.7,66.3,5.0,0,42.0,47,False,D
S00565,23.0,Male,Private,Secondary,Yes,No,4.9,39.0,5.5,0,67.0,73,True,A
S00566,18.0,Male,Private,Primary,Yes,No,4.6,82.0,4.6,9,74.0,84,True,A+
S00567,22.0,Female,Private,BSc,Yes,No,6.3,64.9,6.0,2,74.0,86,True,A+
S00568,20.0,Female,Public,Secondary,Yes,No,4.1,88.3,5.7,1,63.0,67,True,B
S00569,22.0,Male,Public,None,Yes,No,2.4,49.0,6.4,8,33.0,55,True,C
S00570,22.0,Male,Private,Secondary,Yes,No,5.1,94.1,7.5,3,80.0,97,True,A+
S00571,19.0,Female,Public,BSc,Yes,No,2.6,78.2,7.0,9,30.0,48,False,D
S00572,19.0,Female,Private,Secondary,Yes,No,6.3,59.2,6.4,2,73.0,89,True,A+
S00573,17.0,Female,Private,Secondary,Yes,Yes,5.9,44.6,7.0,5,73.0,87,True,A+
S00574,21.0,Male,Public,Diploma,Yes,No,2.6,63.0,5.6,7,34.0,38,False,F
S00575,22.0,Female,Public,Secondary,Yes,Yes,5.8,87.8,5.4,8,89.0,100,True,A+
S00576,25.0,Male,Public,Diploma,Yes,No,1.8,46.1,8.0,10,25.0,30,False,F
S00577,21.0,Male,Private,Secondary,yes,No,3.4,77.6,6.2,8,58.0,61,True,B
S00578,18.0,Male,Public,Secondary,yes,Yes,2.6,77.9,6.6,9,75.0,51,True,C
S00579,27.0,Female,Public,Secondary,Yes,No,0.9,53.5,7.1,10,22.0,40,False,D
S00580,17.0,Female,Public,BSc,Yes,No,1.2,55.9,6.9,10,22.0,33,False,F
S00581,22.0,Male,Public,None,No,No,3.8,62.7,6.2,8,42.0,81,True,A+
S00582,25.0,Female,Public,BSc,Yes,No,4.4,64.0,6.9,9,34.0,72,True,A
S00583,24.0,Female,Private,BSc,Yes,No,1.7,88.9,6.4,4,37.0,48,False,D
S00584,17.0,Female,Private,BSc,Yes,Yes,6.1,86.4,6.6,10,94.0,100,True,A+
S00585,17.0,Male,Public,Primary,Yes,No,1.6,65.6,8.5,2,38.0,50,True,C
S00586,25.0,Male,Public,Secondary,Yes,No,0.7,82.1,4.9,5,38.0,46,False,D
S00587,27.0,Female,Public,Primary,Yes,No,4.5,36.7,6.0,1,49.0,51,True,C
S00588,18.0,Male,Public,Secondary,Yes,No,4.7,,6.7,3,63.0,92,True,A+
S00589,23.0,Male,Public,BSc,Yes,Yes,6.1,39.5,6.5,6,84.0,98,True,A+
S00590,24.0,Female,Private,None,Yes,No,1.8,59.5,6.9,7,22.0,44,False,D
S00591,22.0,Male,Public,Secondary,Yes,Yes,5.8,98.5,6.5,2,85.0,92,True,A+
S00592,24.0,Male,Private,Secondary,No,No,5.2,68.4,6.3,0,68.0,78,True,A
S00593,25.0,Female,Public,Diploma,Yes,No,2.9,37.0,5.9,3,61.0,50,True,C
S00594,25.0,Male,Public,MSc/PhD,Yes,Yes,3.5,94.6,6.0,7,65.0,85,True,A+
S00595,20.0,Male,Public,BSc,Yes,Yes,0.7,62.1,8.0,10,25.0,44,False,D
S00596,24.0,Female,Public,BSc,Yes,No,2.3,55.8,6.8,1,29.0,42,False,D
S00597,25.0,Female,Public,,No,No,3.0,69.6,6.5,10,47.0,55,True,C
S00598,24.0,Male,Public,Secondary,yes,No,6.0,42.5,6.2,10,66.0,75,True,A
S00599,21.0,Male,Private,Secondary,Yes,Yes,4.5,95.9,6.1,6,71.0,83,True,A+
S00600,19.0,Female,Public,Secondary,Yes,No,3.0,54.9,7.1,1,49.0,40,False,D
S00601,17.0,Female,Public,Primary,Yes,No,2.9,80.2,7.2,4,44.0,46,False,D
S00602,24.0,Male,Public,Primary,Yes,Yes,4.4,46.8,5.6,3,60.0,70,True,A
S00603,24.0,Female,Public,Primary,Yes,Yes,1.3,53.7,6.8,7,,36,False,F
S00604,24.0,Female,Private,Diploma,Yes,Yes,6.4,76.5,6.2,7,,100,True,A+
S00605,24.0,Female,Public,None,Yes,Yes,5.3,64.2,6.1,8,86.0,100,True,A+
S00606,21.0,Male,Public,Secondary,Yes,No,,94.8,5.4,3,78.0,84,True,A+
S00607,25.0,Female,Public,Primary,Yes,Yes,3.1,50.4,7.4,6,40.0,53,True,C
S00608,25.0,Female,Private,Secondary,Yes,No,3.3,70.3,7.8,1,63.0,75,True,A
S00609,20.0,Female,Private,MSc/PhD,Yes,No,3.9,93.1,5.8,2,52.0,78,True,A
S00610,20.0,Male,Public,Secondary,Yes,No,4.0,69.9,8.3,4,47.0,68,True,B
S00611,17.0,Male,Public,Secondary,Yes,No,5.3,49.4,7.5,1,75.0,73,True,A
S00612,25.0,Male,Private,Secondary,No,Yes,1.8,85.1,8.3,1,59.0,48,False,D
S00613,25.0,Male,Public,BSc,Yes,Yes,1.4,40.0,6.6,0,29.0,31,False,F
S00614,23.0,Male,Public,MSc/PhD,Yes,No,5.4,35.2,7.9,9,52.0,79,True,A
S00615,24.0,Female,Private,Secondary,Yes,No,2.2,52.6,7.9,3,43.0,56,True,C
S00616,18.0,Female,Private,BSc,Yes,No,5.4,76.9,5.4,0,50.0,90,True,A+
S00617,18.0,Male,Private,Secondary,No,No,3.2,60.9,,8,46.0,60,True,B
S00618,20.0,Male,Private,,Yes,No,1.5,57.4,8.0,4,21.0,35,False,F
S00619,19.0,Female,Public,None,Yes,No,4.6,87.4,8.5,3,45.0,74,True,A
S00620,22.0,Female,Public,Secondary,Yes,No,1.7,78.6,7.9,10,,61,True,B
S00621,18.0,Male,Public,Diploma,Yes,No,3.4,86.1,,4,54.0,85,True,A+
S00622,22.0,Male,Private,Secondary,Yes,Yes,6.3,45.8,4.9,10,67.0,80,True,A+
S00623,22.0,Male,Public,BSc,Yes,Yes,3.8,82.3,7.9,10,60.0,84,True,A+
S00624,21.0,Female,Public,Diploma,No,No,1.5,82.8,6.3,0,55.0,51,True,C
S00625,24.0,Male,Public,Secondary,No,No,5.5,72.3,8.8,8,85.0,82,True,A+
S00626,23.0,Male,Public,BSc,No,Yes,0.6,35.7,6.2,2,25.0,20,False,F
S00627,23.0,Male,Private,BSc, Yes ,No,2.4,82.2,5.5,6,52.0,57,True,C
S00628,21.0,Female,Private,Secondary,Yes,No,2.5,86.7,7.9,9,51.0,77,True,A
S00629,18.0,Female,Private,BSc,No,Yes,4.9,52.4,5.1,0,77.0,78,True,A
S00630,24.0,Female,Private,Primary,Yes,No,2.8,37.5,6.9,6,34.0,45,False,D
S00631,19.0,Female,Public,Primary,Yes,No,4.0,61.1,5.1,6,68.0,70,True,A
S00632,20.0,Male,Public,Diploma,Yes,No,0.4,60.3,5.8,5,20.0,46,False,D
S00633,21.0,Female,Private,Secondary,Yes,No,4.5,92.3,6.4,1,64.0,80,True,A+
S00634,17.0,Male,Public,Diploma,Yes,No,2.9,37.8,5.6,3,37.0,48,False,D
S00635,24.0,Female,Private,Diploma,Yes,Yes,6.1,71.3,8.3,3,89.0,100,True,A+
S00636,18.0,Female,Public,Diploma,Yes,No,5.0,64.9,7.5,2,65.0,83,True,A+
S00637,17.0,Female,Private,MSc/PhD,Yes,No,4.0,65.8,7.6,1,54.0,57,True,C
S00638,18.0,Female,Public,BSc,No,Yes,3.7,61.8,8.7,2,48.0,85,True,A+
S00639,18.0,Male,Private,BSc,No,Yes,0.7,57.7,8.2,1,20.0,26,False,F
S00640,25.0,Male,Public,Secondary,Yes,No,0.3,40.6,6.0,0,30.0,24,False,F
S00641,25.0,Female,Public,None,Yes,No,1.3,76.9,4.9,0,40.0,35,False,F
S00642,23.0,Male,Public,BSc,Yes,No,1.8,92.4,6.7,2,63.0,55,True,C
S00643,24.0,Female,Private,Diploma,Yes,Yes,3.9,57.5,7.8,0,65.0,72,True,A
S00644,18.0,Male,Public,Diploma,Yes,No,0.6,94.4,6.3,5,45.0,43,False,D
S00645,22.0,Male,Public,Diploma,Yes,No,4.4,62.4,4.4,1,57.0,72,True,A
S00646,22.0,Male,Public,Secondary,No,No,3.8,39.1,7.5,6,45.0,57,True,C
S00647,20.0,Male,Public,Secondary,Yes,No,3.6,85.2,5.8,2,59.0,68,True,B
S00648,21.0,Female,Public,Diploma,No,No,1.3,79.5,6.7,1,39.0,55,True,C
S00649,20.0,Female,Public,BSc,Yes,No,5.7,57.1,9.1,7,69.0,86,True,A+
S00650,18.0,Male,Public,Secondary,Yes,No,2.7,57.6,5.5,5,46.0,69,True,B
S00651,24.0,Male,Public,Secondary,No,No,0.8,56.1,6.0,9,26.0,10,False,F
S00652,24.0,Male,Private,Secondary,Yes,Yes,1.7,80.9,4.7,5,70.0,44,False,D
S00653,25.0,Female,Private,Secondary,Yes,Yes,3.8,56.6,6.0,2,54.0,73,True,A
S00654,17.0,Female,Public,Primary,No,Yes,6.3,52.8,7.9,2,68.0,100,True,A+
S00655,22.0,Male,Public,BSc,Yes,No,4.7,91.0,8.2,8,70.0,77,True,A
S00656,19.0,Male,Public,Primary,Yes,No,3.8,96.2,7.7,2,58.0,89,True,A+
S00657,25.0,Female,Private,Diploma,Yes,Yes,1.6,61.1,5.2,1,42.0,54,True,C
S00658,17.0,Female,Private,Secondary,Yes,No,5.6,78.9,6.1,10,78.0,89,True,A+
S00659,21.0,Male,Public,Primary,Yes,No,5.7,40.9,8.8,2,63.0,85,True,A+
S00660,19.0,Female,Public,MSc/PhD,Yes,No,6.1,44.4,7.7,8,70.0,96,True,A+
S00661,21.0,Female,Private,Primary,yes,No,5.6,87.3,6.5,10,83.0,97,True,A+
S00662,25.0,Female,Public,Secondary,Yes,No,2.2,96.5,6.8,7,55.0,60,True,B
S00663,24.0,Male,Public,Primary,Yes,No,4.9,90.5,5.5,3,77.0,92,True,A+
S00664,23.0,Female,Public,Primary,Yes,Yes,5.3,70.0,7.4,3,85.0,100,True,A+
S00665,18.0,Male,Private,MSc/PhD,yes,No,2.0,74.4,,9,45.0,65,True,B
S00666,24.0,Male,Public,None, Yes ,No,1.7,52.1,6.8,1,45.0,45,False,D
S00667,19.0,Female,Private,Secondary,Yes,No,2.8,99.7,8.4,2,65.0,57,True,C
S00668,23.0,Male,Private,Primary,Yes,No,,59.7,7.2,10,45.0,64,True,B
S00669,19.0,Female,Public,BSc,Yes,No,2.2,80.9,7.0,7,48.0,48,False,D
S00670,22.0,Female,Public,Diploma,Yes,No,4.0,83.8,6.8,6,61.0,91,True,A+
S00671,24.0,Female,Private,Primary,No,No,3.2,69.9,8.3,3,59.0,60,True,B
S00672,21.0,Male,Public,Secondary,Yes,No,6.2,47.0,7.5,4,77.0,99,True,A+
S00673,22.0,Female,Private,Diploma,Yes,No,3.9,85.0,7.3,3,60.0,73,True,A
S00674,23.0,Female,Public,BSc,Yes,No,5.8,53.2,8.9,6,66.0,74,True,A
S00675,21.0,Male,Public,BSc,Yes,No,1.1,41.9,7.8,4,22.0,40,False,D
S00676,19.0,Male,Private,BSc,Yes,No,2.2,46.3,5.0,10,51.0,48,False,D
S00677,21.0,Female,Public,None,Yes,No,4.0,89.4,7.1,4,57.0,86,True,A+
S00678,20.0,Female,Public,Secondary,Yes,Yes,1.4,55.4,7.4,4,43.0,43,False,D
S00679,22.0,Female,Private,Secondary,Yes,No,1.9,52.2,9.2,2,36.0,40,False,D
S00680,24.0,Female,Public,MSc/PhD,No,Yes,4.3,51.0,8.0,7,51.0,72,True,A
S00681,23.0,Female,Public,Primary,Yes,No,0.4,76.6,7.9,4,27.0,41,False,D
S00682,19.0,Male,Public,Secondary,Yes,No,4.9,60.8,5.8,3,71.0,75,True,A
S00683,21.0,Female,Private,Secondary,Yes,Yes,4.4,57.9,5.9,5,68.0,82,True,A+
S00684,19.0,Female,Public,BSc,No,No,3.8,71.2,9.6,8,60.0,72,True,A
S00685,17.0,Male,Public,BSc,Yes,No,0.8,66.5,5.4,6,37.0,43,False,D
S00686,24.0,Male,Public,Secondary,Yes,No,5.5,43.9,6.7,2,40.0,53,True,C
S00687,17.0,Female,Private,BSc,Yes,No,4.0,,9.0,1,66.0,60,True,B
S00688,19.0,Female,Public,BSc,Yes,Yes,5.1,41.5,,13,55.0,79,True,A
S00689,18.0,Male,Private,Diploma,Yes,No,5.4,44.3,7.6,2,64.0,78,True,A
S00690,20.0,Male,Private,Diploma,Yes,No,5.7,45.3,7.0,3,61.0,64,True,B
S00691,20.0,Male,Public,MSc/PhD,Yes,Yes,2.6,54.1,7.2,0,41.0,55,True,C
S00692,20.0,Female,Private,Primary,Yes,Yes,2.9,52.4,6.0,0,69.0,51,True,C
S00693,27.0,Male,Private,Primary,Yes,No,6.0,68.9,8.2,0,77.0,100,True,A+
S00694,23.0,Male,Private,BSc,Yes,No,6.5,92.9,7.9,6,89.0,100,True,A+
S00695,23.0,Female,Public,Secondary,Yes,No,0.8,99.0,6.2,9,39.0,58,True,C
S00696,21.0,Female,Public,Secondary,No,No,3.3,65.7,7.9,10,48.0,66,True,B
S00697,17.0,Female,Public,Secondary,Yes,No,0.6,83.9,7.0,2,37.0,29,False,F
S00698,19.0,Male,Public,MSc/PhD,Yes,Yes,4.3,99.2,7.6,10,85.0,99,True,A+
S00699,17.0,Male,Private,BSc,Yes,Yes,6.1,86.6,7.5,2,78.0,100,True,A+
S00700,16.0,Male,Public,MSc/PhD,Yes,No,1.6,97.2,7.0,3,54.0,59,True,C
S00701,25.0,Male,Private,Secondary, Yes ,No,3.0,50.3,6.0,8,45.0,60,True,B
S00702,23.0,Male,Private,BSc,No,Yes,,98.6,7.0,1,77.0,100,True,A+
S00703,18.0,Male,Public,Primary,Yes,No,0.8,62.1,7.0,2,23.0,27,False,F
S00704,17.0,Male,Public,Secondary,Yes,No,5.1,40.5,7.8,5,52.0,67,True,B
S00705,18.0,Female,Private,Secondary,Yes,No,1.3,68.7,8.9,0,20.0,17,False,F
S00706,24.0,Female,Private,BSc,Yes,No,2.6,67.2,7.1,5,61.0,66,True,B
S00707,22.0,Male,Public,Diploma,Yes,No,6.5,95.3,7.2,6,100.0,100,True,A+
S00708,21.0,Female,Public,Secondary,Yes,No,4.3,66.3,6.1,2,72.0,90,True,A+
S00709,17.0,Male,Public,Diploma,Yes,No,4.8,94.1,7.9,8,75.0,88,True,A+
S00710,23.0,Female,Public,Primary,Yes,Yes,5.1,49.2,9.1,8,69.0,97,True,A+
S00711,24.0,Female,Public,Secondary,Yes,Yes,3.7,76.1,8.0,3,48.0,60,True,B
S00712,24.0,Female,Public,Diploma,No,No,2.5,57.1,8.7,10,46.0,48,False,D
S00713,21.0,Male,Public,Secondary,Yes,Yes,1.2,58.1,8.1,9,26.0,62,True,B
S00714,18.0,Male,Public,Secondary,Yes,No,2.3,40.8,5.8,1,41.0,38,False,F
S00715,19.0,Male,Public,,Yes,No,1.1,73.4,7.6,1,38.0,48,False,D
S00716,21.0,Female,Public,Secondary,No,No,3.4,65.9,6.1,8,39.0,64,True,B
S00717,20.0,Female,Public,Diploma,Yes,No,1.0,45.0,6.7,1,30.0,37,False,F
S00718,22.0,Female,Private,MSc/PhD,Yes,No,6.1,53.5,6.5,5,90.0,98,True,A+
S00719,25.0,Male,Public,BSc,Yes,Yes,2.0,78.6,7.2,6,40.0,50,True,C
S00720,21.0,Male,Public,Primary,Yes,Yes,1.1,40.6,8.1,9,32.0,33,False,F
S00721,19.0,Female,Private,MSc/PhD,Yes,No,5.1,87.8,8.1,5,73.0,94,True,A+
S00722,22.0,Male,Public,BSc,No,No,4.2,42.0,9.8,1,41.0,53,True,C
S00723,19.0,Female,Public,Secondary,Yes,Yes,3.4,75.8,7.7,7,66.0,82,True,A+
S00724,25.0,Female,Public,Diploma,No,No,1.4,72.1,7.3,10,20.0,32,False,F
S00725,23.0,Male,Private,Secondary,Yes,Yes,5.0,48.9,8.1,5,66.0,89,True,A+
S00726,17.0,Male,Public,BSc,Yes,No,3.3,96.7,6.3,8,67.0,71,True,A
S00727,17.0,Female,Public,Secondary,No,No,2.3,45.8,8.7,4,42.0,60,True,B
S00728,25.0,Female,Public,Secondary,Yes,No,1.9,37.8,6.0,9,20.0,35,False,F
S00729,25.0,Female,Public,None,yes,No,0.3,68.3,6.8,10,20.0,39,False,F
S00730,18.0,Female,Private,Secondary,Yes,Yes,3.6,99.3,7.4,10,66.0,97,True,A+
S00731,24.0,Male,Public,BSc,Yes,No,0.8,90.7,7.1,7,20.0,54,True,C
S00732,17.0,Female,Private,BSc,Yes,No,5.3,70.1,5.3,6,76.0,81,True,A+
S00733,20.0,Female,Public,MSc/PhD,Yes,Yes,5.5,57.7,7.2,3,80.0,93,True,A+
S00734,25.0,Male,Public,MSc/PhD,No,No,1.5,69.7,5.9,5,39.0,46,False,D
S00735,20.0,Female,Public,Secondary,No,No,0.4,58.4,8.7,10,20.0,26,False,F
S00736,27.0,Male,Public,Secondary,No,Yes,1.7,76.0,7.3,2,45.0,66,True,B
S00737,20.0,Male,Public,Diploma,Yes,No,4.7,68.0,4.9,8,58.0,82,True,A+
S00738,20.0,Female,Public,Diploma,Yes,Yes,2.5,59.1,3.5,9,59.0,52,True,C
S00739,20.0,Female,Public,Secondary,No,Yes,3.1,45.8,6.4,2,52.0,57,True,C
S00740,21.0,Female,Private,Secondary,Yes,Yes,3.4,80.1,5.4,5,48.0,74,True,A
S00741,22.0,Female,Public,BSc,No,Yes,1.6,95.9,6.7,1,50.0,53,True,C
S00742,23.0,Female,Public,Primary,Yes,No,0.7,68.9,7.7,8,36.0,36,False,F
S00743,25.0,Male,Public,Primary,yes,No,2.8,51.4,8.1,10,33.0,47,False,D
S00744,18.0,Male,Public,Secondary,Yes,No,5.5,70.5,7.7,1,64.0,79,True,A
S00745,17.0,Male,Public,Secondary,Yes,Yes,2.4,81.6,7.7,8,50.0,60,True,B
S00746,21.0,Male,Public,,yes,Yes,5.9,66.6,8.9,5,60.0,90,True,A+
S00747,19.0,Male,Public,Secondary,Yes,No,4.6,95.8,9.0,1,78.0,96,True,A+
S00748,23.0,Female,Public,Diploma,Yes,No,4.7,94.6,6.3,7,65.0,97,True,A+
S00749,25.0,Male,Public,BSc,Yes,No,3.8,46.0,7.5,1,47.0,54,True,C
S00750,20.0,Female,Public,MSc/PhD,Yes,No,0.5,97.3,5.9,9,39.0,44,False,D
S00751,17.0,Male,Private,Primary,Yes,No,2.2,91.1,8.6,2,49.0,53,True,C
S00752,19.0,Female,Public,MSc/PhD,Yes,No,5.1,60.3,5.2,6,52.0,82,True,A+
S00753,22.0,Female,Public,Secondary,Yes,No,0.8,47.2,8.6,10,39.0,42,False,D
S00754,24.0,Male,Public,Secondary,Yes,No,1.9,51.6,5.0,0,55.0,53,True,C
S00755,24.0,Female,Public,Primary,Yes,No,1.4,85.4,5.8,4,42.0,51,True,C
S00756,21.0,Female,Private,Primary,Yes,Yes,3.8,49.3,7.4,9,38.0,60,True,B
S00757,18.0,Male,Public,Primary,Yes,No,4.7,95.2,8.0,4,72.0,81,True,A+
S00758,19.0,Male,Public,Diploma,No,No,2.9,56.9,5.4,0,45.0,48,False,D
S00759,25.0,Male,Public,Diploma,Yes,No,2.4,42.4,5.5,9,37.0,29,False,F
S00760,17.0,Female,Private,Secondary,Yes,No,2.4,77.4,8.6,1,44.0,65,True,B
S00761,25.0,Female,Public,BSc,Yes,Yes,4.0,54.8,8.6,7,49.0,57,True,C
S00762,18.0,Male,Public,Primary,Yes,No,4.3,58.7,7.5,10,76.0,75,True,A
S00763,18.0,Female,Private,,Yes,Yes,0.5,50.8,5.8,7,,20,False,F
S00764,24.0,Male,Public,BSc,Yes,No,0.7,96.9,7.1,2,32.0,53,True,C
S00765,25.0,Male,Public,BSc,No,Yes,1.3,63.4,7.5,10,36.0,60,True,B
S00766,20.0,Male,Public,MSc/PhD,Yes,Yes,2.9,97.7,7.6,9,77.0,91,True,A+
S00767,21.0,Male,Public,Diploma,Yes,No,3.9,90.1,7.1,1,64.0,76,True,A
S00768,17.0,Male,Private,Diploma,Yes,Yes,1.5,64.3,8.5,5,34.0,39,False,F
S00769,19.0,Male,Public,Diploma,Yes,Yes,0.9,93.1,4.5,6,52.0,50,True,C
S00770,22.0,Male,Private,BSc,Yes,No,2.7,64.5,7.0,7,44.0,46,False,D
S00771,20.0,Female,Public,Secondary,Yes,Yes,,41.6,7.5,5,20.0,37,False,F
S00772,17.0,Female,Public,Primary,Yes,No,5.0,44.3,8.4,6,55.0,76,True,A
S00773,19.0,Male,Private,Primary,Yes,No,2.2,94.6,5.2,10,63.0,59,True,C
S00774,23.0,Female,Public,Diploma,Yes,No,6.3,98.0,8.0,8,93.0,100,True,A+
S00775,22.0,Female,Public,Diploma,Yes,No,2.4,66.2,8.0,1,33.0,60,True,B
S00776,18.0,Female,Public,BSc,Yes,Yes,2.9,40.1,6.0,0,48.0,47,False,D
S00777,18.0,Male,Public,Primary, Yes ,Yes,3.8,76.5,7.6,2,74.0,75,True,A
S00778,23.0,Female,Public,Primary,Yes,No,3.7,56.5,6.5,8,43.0,59,True,C
S00779,24.0,Male,Private,Secondary,Yes,Yes,0.5,99.1,6.6,3,47.0,42,False,D
S00780,18.0,Female,Public,BSc,Yes,No,5.3,42.4,8.2,1,77.0,72,True,A
S00781,20.0,Male,Public,Secondary,yes,Yes,1.5,70.0,6.3,9,48.0,56,True,C
S00782,21.0,Female,Private,BSc,Yes,No,1.2,71.1,7.5,10,31.0,52,True,C
S00783,24.0,Male,Public,Secondary,Yes,No,,87.9,7.0,0,55.0,63,True,B
S00784,25.0,Female,Private,Secondary,Yes,No,0.9,71.4,5.4,7,28.0,41,False,D
S00785,24.0,Male,Private,BSc,Yes,No,4.5,42.2,7.6,4,63.0,54,True,C
S00786,22.0,Female,Public,MSc/PhD,No,No,6.2,51.1,7.2,6,60.0,97,True,A+
S00787,25.0,Female,Public,BSc,Yes,No,2.7,57.3,7.2,2,34.0,38,False,F
S00788,22.0,Female,Public,Secondary,Yes,No,3.0,37.0,5.7,6,35.0,51,True,C
S00789,24.0,Female,Private,Secondary,Yes,No,5.9,57.6,5.7,5,80.0,92,True,A+
S00790,20.0,Male,Public,Secondary,No,No,4.0,,7.8,1,67.0,67,True,B
S00791,17.0,Male,Private,Secondary,Yes,No,3.0,92.6,8.7,7,73.0,81,True,A+
S00792,23.0,Female,Public,Secondary,No,No,6.5,78.5,6.9,6,77.0,94,True,A+
S00793,25.0,Male,Public,Secondary,yes,No,1.6,88.9,7.4,0,46.0,58,True,C
S00794,18.0,Male,Public,MSc/PhD, Yes ,No,1.2,76.7,7.4,10,20.0,34,False,F
S00795,23.0,Male,Public,Secondary,Yes,No,5.7,84.8,7.2,8,78.0,100,True,A+
S00796,23.0,Male,Public,Diploma, Yes ,No,5.5,52.2,9.2,4,69.0,79,True,A
S00797,17.0,Male,Public,BSc, Yes ,Yes,6.1,59.3,7.9,1,85.0,82,True,A+
S00798,24.0,Male,Private,BSc,Yes,No,3.5,92.8,7.8,9,55.0,79,True,A
S00799,25.0,Male,Public,Primary,Yes,Yes,1.8,61.4,5.3,9,49.0,50,True,C
S00800,19.0,Female,Public,Primary,No,Yes,3.6,76.5,5.3,9,62.0,64,True,B
S00801,18.0,Female,Private,Secondary,No,No,3.9,62.4,7.2,0,63.0,49,False,D
S00802,19.0,Male,Public,Primary,No,No,4.9,85.9,9.3,10,63.0,80,True,A+
S00803,22.0,Female,Private,Primary,Yes,No,4.9,38.6,6.4,8,44.0,63,True,B
S00804,23.0,Female,Private,Secondary, Yes ,Yes,1.1,75.7,7.6,9,43.0,54,True,C
S00805,20.0,Female,Private,Diploma,Yes,Yes,5.7,83.9,5.5,1,76.0,89,True,A+
S00806,25.0,Female,Public,BSc,Yes,Yes,1.7,48.4,8.3,3,43.0,49,False,D
S00807,22.0,Female,Public,MSc/PhD,Yes,Yes,2.8,46.4,6.2,0,43.0,50,True,C
S00808,18.0,Female,Private,Primary,Yes,No,3.6,89.4,7.5,9,55.0,64,True,B
S00809,17.0,Female,Private,Secondary,Yes,Yes,6.0,81.7,9.1,6,87.0,100,True,A+
S00810,24.0,Female,Public,BSc,No,Yes,1.8,89.1,5.1,2,23.0,42,False,D
S00811,22.0,Female,Private,Primary,No,No,4.9,60.8,8.5,4,61.0,77,True,A
S00812,19.0,Male,Public,BSc,Yes,No,0.5,46.6,6.0,5,20.0,13,False,F
S00813,24.0,Female,Public,BSc,No,Yes,2.0,75.2,7.8,2,62.0,56,True,C
S00814,23.0,Male,Private,Secondary,Yes,Yes,4.6,78.0,7.4,6,77.0,73,True,A
S00815,25.0,Male,Public,BSc,Yes,No,0.3,57.2,7.3,6,20.0,34,False,F
S00816,18.0,Female,Public,Secondary,Yes,No,3.9,95.6,5.4,0,57.0,62,True,B
S00817,17.0,Male,Private,Primary,No,Yes,2.6,36.5,,9,42.0,38,False,F
S00818,23.0,Female,Public,BSc,Yes,No,1.4,53.3,7.4,0,,36,False,F
S00819,25.0,Male,Public,None,Yes,Yes,3.1,79.8,9.9,3,50.0,77,True,A
S00820,20.0,Male,Private,None,Yes,No,5.4,92.7,8.0,7,88.0,100,True,A+
S00821,25.0,Female,Public,BSc,Yes,No,1.3,73.3,6.8,1,34.0,35,False,F
S00822,22.0,Male,Public,Primary,Yes,No,4.9,67.9,6.2,7,77.0,100,True,A+
S00823,24.0,Male,Public,None,Yes,No,5.8,47.2,8.7,8,61.0,78,True,A
S00824,25.0,Female,Public,Secondary,Yes,No,2.9,94.3,7.8,3,57.0,71,True,A
S00825,19.0,Female,Public,Primary,yes,Yes,1.6,93.5,5.6,7,51.0,74,True,A
S00826,18.0,Female,Public,Diploma,Yes,Yes,6.5,65.4,6.2,0,69.0,100,True,A+
S00827,19.0,Male,Public,Secondary,Yes,Yes,4.5,74.2,4.6,6,64.0,83,True,A+
S00828,22.0,Male,Public,Diploma,Yes,No,,40.6,6.4,9,20.0,22,False,F
S00829,24.0,Male,Private,Secondary,Yes,No,4.9,71.8,7.2,9,66.0,100,True,A+
S00830,18.0,Female,Private,BSc,Yes,No,3.2,42.8,8.2,8,45.0,56,True,C
S00831,22.0,Male,Public,BSc,Yes,No,4.7,42.0,8.0,2,74.0,59,True,C
S00832,18.0,Female,Public,Primary,No,Yes,0.9,40.6,7.0,9,31.0,38,False,F
S00833,23.0,Female,Public,Diploma,yes,No,1.3,57.8,9.1,10,40.0,59,True,C
S00834,22.0,Female,Public,Secondary,Yes,No,3.8,76.5,6.6,2,46.0,64,True,B
S00835,21.0,Male,Private,Secondary,Yes,No,0.7,44.0,9.5,6,34.0,15,False,F
S00836,18.0,Female,Public,Diploma,Yes,Yes,4.0,97.0,8.4,5,61.0,75,True,A
S00837,25.0,Male,Public,Primary,Yes,Yes,3.3,79.0,8.8,10,61.0,86,True,A+
S00838,20.0,Female,Public,Primary,Yes,Yes,6.2,35.3,6.2,5,70.0,86,True,A+
S00839,18.0,Female,Private,Diploma,Yes,Yes,2.5,76.8,6.5,7,48.0,62,True,B
S00840,17.0,Male,Public,MSc/PhD, Yes ,No,4.9,85.7,6.3,5,77.0,80,True,A+
S00841,17.0,Male,Public,Secondary,Yes,No,4.4,97.3,5.7,10,79.0,78,True,A
S00842,21.0,Male,Public,Secondary,No,No,5.0,94.6,6.8,5,81.0,100,True,A+
S00843,20.0,Female,Public,Secondary,Yes,No,2.0,95.4,,1,66.0,59,True,C
S00844,20.0,Male,Private,Secondary,Yes,Yes,2.3,39.7,6.8,0,41.0,31,False,F
S00845,21.0,Male,Public,BSc,Yes,Yes,4.5,99.5,7.8,9,65.0,94,True,A+
S00846,19.0,Female,Public,BSc,Yes,Yes,5.9,36.9,5.1,11,63.0,93,True,A+
S00847,24.0,Female,Public,Primary,Yes,No,2.0,99.5,6.6,9,49.0,62,True,B
S00848,22.0,Male,Public,BSc,Yes,No,1.9,89.5,7.0,7,60.0,61,True,B
S00849,23.0,Male,Public,BSc,Yes,No,2.8,39.2,6.9,10,38.0,51,True,C
S00850,21.0,Male,Public,Primary,Yes,No,0.7,42.1,6.6,8,20.0,19,False,F
S00851,25.0,Female,Public,BSc,No,No,1.3,88.9,5.7,5,32.0,39,False,F
S00852,19.0,Female,Public,Secondary,yes,No,2.9,59.0,6.8,1,48.0,50,True,C
S00853,17.0,Female,Public,BSc,No,No,6.3,,6.3,5,73.0,71,True,A
S00854,25.0,Male,Public,Diploma,Yes,Yes,5.5,87.6,6.8,0,79.0,96,True,A+
S00855,24.0,Female,Private,Secondary,Yes,No,5.4,70.7,7.9,7,69.0,72,True,A
S00856,19.0,Male,Public,None,Yes,Yes,5.6,60.3,6.0,4,80.0,80,True,A+
S00857,18.0,Male,Public,MSc/PhD,Yes,No,0.4,68.1,7.2,4,25.0,27,False,F
S00858,22.0,Male,Private,Diploma,Yes,No,5.6,77.9,7.0,1,58.0,79,True,A
S00859,20.0,Male,Public,BSc,Yes,No,5.4,99.9,7.7,4,77.0,100,True,A+
S00860,23.0,Female,Public,Primary,Yes,No,0.4,66.1,6.5,8,27.0,32,False,F
S00861,23.0,Female,Public,Diploma,Yes,No,3.8,66.6,6.8,9,52.0,68,True,B
S00862,20.0,Female,Public,Secondary,Yes,Yes,6.5,69.8,,11,82.0,92,True,A+
S00863,17.0,Male,Public,BSc,Yes,No,1.8,56.0,7.0,4,24.0,43,False,D
S00864,23.0,Female,Public,Diploma,No,No,0.5,48.1,6.9,3,20.0,24,False,F
S00865,21.0,Male,Private,Secondary,No,No,5.8,91.1,6.7,7,91.0,100,True,A+
S00866,22.0,Female,Private,Diploma,Yes,Yes,3.3,85.9,8.2,2,44.0,70,True,A
S00867,19.0,Female,Public,Secondary,Yes,No,5.5,63.3,8.0,8,63.0,98,True,A+
S00868,20.0,Male,Public,Diploma,Yes,No,3.5,40.5,9.6,3,36.0,55,True,C
S00869,20.0,Male,Private,Secondary,Yes,No,3.1,96.4,7.3,9,65.0,86,True,A+
S00870,24.0,Female,Private,Secondary,Yes,No,2.1,90.7,8.6,6,63.0,61,True,B
S00871,23.0,Male,Public,Secondary,Yes,No,3.0,55.3,6.2,7,35.0,55,True,C
S00872,17.0,Male,Private,Diploma,Yes,No,1.6,54.8,5.6,3,35.0,46,False,D
S00873,20.0,Female,Public,Diploma,No,Yes,4.0,52.3,5.8,4,56.0,78,True,A
S00874,17.0,Female,Private,Diploma,Yes,No,2.5,98.2,6.9,0,42.0,50,True,C
S00875,18.0,Male,Public,Secondary,Yes,No,5.9,82.5,7.5,6,84.0,100,True,A+
S00876,19.0,Male,Private,Secondary,Yes,No,5.9,48.6,8.0,5,66.0,75,True,A
S00877,19.0,Male,Public,Primary,Yes,Yes,3.8,79.5,7.0,3,61.0,57,True,C
S00878,20.0,Male,Public,BSc,Yes,No,1.5,58.6,6.9,5,20.0,34,False,F
S00879,20.0,Female,Public,Primary,Yes,No,4.9,57.4,6.1,5,78.0,65,True,B
S00880,23.0,Female,Public,Primary, Yes ,No,5.9,49.6,6.1,9,69.0,85,True,A+
S00881,20.0,Male,Public,Secondary,Yes,Yes,0.6,82.0,8.4,13,52.0,59,True,C
S00882,25.0,Female,Public,BSc,Yes,No,5.3,79.9,6.7,7,64.0,76,True,A
S00883,25.0,Male,Public,MSc/PhD, Yes ,No,1.8,56.3,7.4,6,23.0,36,False,F
S00884,22.0,Female,Public,Primary,Yes,No,1.4,97.4,7.6,4,40.0,53,True,C
S00885,24.0,Female,Public,BSc,Yes,Yes,1.2,48.8,7.4,5,22.0,38,False,F
S00886,18.0,Female,Private,Primary,Yes,No,4.2,44.5,7.4,3,40.0,75,True,A
S00887,25.0,Female,Public,Primary,Yes,Yes,6.3,56.0,6.4,2,67.0,92,True,A+
S00888,17.0,Female,Public,None, Yes ,Yes,5.8,82.8,7.3,2,80.0,88,True,A+
S00889,21.0,Male,Public,None,Yes,Yes,5.0,89.7,5.8,9,93.0,93,True,A+
S00890,20.0,Male,Public,Secondary,Yes,Yes,5.6,82.9,8.4,4,85.0,96,True,A+
S00891,19.0,Male,Public,Secondary,No,No,4.3,69.8,7.9,9,,96,True,A+
S00892,17.0,Male,Public,Secondary,Yes,Yes,3.0,49.0,8.0,7,48.0,52,True,C
S00893,22.0,Female,Public,Secondary,Yes,No,5.1,41.8,3.6,4,59.0,74,True,A
S00894,22.0,Female,Public,Secondary,Yes,No,5.5,82.0,8.8,9,70.0,87,True,A+
S00895,25.0,Female,Private,Primary,Yes,No,2.3,95.0,6.2,5,69.0,54,True,C
S00896,21.0,Male,Private,Primary,Yes,No,2.0,79.2,8.9,2,46.0,53,True,C
S00897,19.0,Female,Private,Diploma,Yes,No,0.8,92.6,7.6,3,54.0,61,True,B
S00898,20.0,Male,Private,Diploma,Yes,Yes,0.8,65.1,5.8,7,30.0,33,False,F
S00899,23.0,Male,Private,Secondary,No,No,0.9,59.1,8.8,8,,34,False,F
S00900,22.0,Male,Private,Diploma,Yes,No,1.0,81.3,6.7,10,39.0,39,False,F
S00901,18.0,Male,Public,Secondary,Yes,No,2.0,79.7,6.2,9,45.0,46,False,D
S00902,22.0,Male,Public,BSc,Yes,No,,86.7,5.8,0,74.0,60,True,B
S00903,21.0,Female,Public,Secondary,Yes,No,2.2,59.9,7.9,11,44.0,45,False,D
S00904,22.0,Female,Public,BSc,Yes,No,5.8,97.0,8.3,9,82.0,100,True,A+
S00905,25.0,Male,Public,MSc/PhD,Yes,Yes,3.6,65.9,6.1,0,64.0,64,True,B
S00906,21.0,Male,Public,None,Yes,No,2.9,56.1,6.9,2,44.0,57,True,C
S00907,18.0,Male,Private,None,Yes,No,3.9,37.7,10.0,2,36.0,59,True,C
S00908,22.0,Female,Public,Diploma,Yes,Yes,1.1,52.5,5.9,10,27.0,39,False,F
S00909,19.0,Female,Private,Secondary,Yes,Yes,4.8,90.9,7.6,0,,100,True,A+
S00910,22.0,Male,Public,Secondary,Yes,No,3.8,77.8,6.6,1,47.0,68,True,B
S00911,24.0,Female,Public,Diploma,yes,No,3.2,74.6,7.1,1,57.0,77,True,A
S00912,17.0,Female,Public,BSc,No,Yes,4.8,79.9,6.4,0,88.0,82,True,A+
S00913,24.0,Female,Public,BSc,Yes,No,5.7,54.5,8.7,2,63.0,83,True,A+
S00914,18.0,Female,Public,Secondary,Yes,No,4.4,70.5,8.1,3,51.0,82,True,A+
S00915,22.0,Female,Public,Diploma,Yes,Yes,1.7,37.4,6.8,4,51.0,43,False,D
S00916,18.0,Male,Public,None,Yes,No,5.3,82.8,7.1,5,68.0,90,True,A+
S00917,25.0,Male,Public,Secondary,Yes,Yes,5.5,93.0,7.8,9,75.0,91,True,A+
S00918,18.0,Male,Public,Secondary,No,No,4.2,83.4,6.8,9,67.0,75,True,A
S00919,20.0,Male,Public,Secondary,No,No,5.3,37.6,6.3,2,69.0,61,True,B
S00920,22.0,Female,Private,BSc,Yes,No,5.7,77.7,7.4,8,78.0,100,True,A+
S00921,24.0,Male,Public,Secondary,Yes,No,0.4,41.2,5.1,6,20.0,16,False,F
S00922,19.0,Female,Public,Secondary,Yes,Yes,4.5,39.9,7.1,10,53.0,73,True,A
S00923,23.0,Female,Private,None,No,No,2.3,43.8,8.9,8,24.0,32,False,F
S00924,19.0,Male,Public,Secondary,Yes,No,1.8,64.0,6.0,10,24.0,34,False,F
S00925,18.0,Male,Private,BSc,Yes,No,1.2,54.1,8.7,8,30.0,40,False,D
S00926,20.0,Female,Private,BSc,Yes,Yes,4.7,99.6,7.2,9,72.0,100,True,A+
S00927,25.0,Female,Public,BSc,No,No,2.7,73.6,6.6,1,49.0,66,True,B
S00928,24.0,Male,Public,Primary,No,Yes,4.0,94.3,7.5,8,60.0,98,True,A+
S00929,18.0,Female,Public,Diploma,Yes,Yes,3.0,48.6,5.9,4,56.0,38,False,F
S00930,18.0,Male,Public,Secondary,Yes,Yes,,58.9,8.7,2,20.0,47,False,D
S00931,19.0,Male,Private,BSc,Yes,No,2.1,95.5,7.0,5,57.0,70,True,A
S00932,22.0,Male,Private,Diploma,yes,Yes,0.9,46.9,5.7,8,22.0,40,False,D
S00933,18.0,Female,Public,BSc,Yes,No,0.9,53.4,6.4,8,20.0,40,False,D
S00934,21.0,Male,Public,Secondary,No,No,5.7,71.3,7.6,0,71.0,78,True,A
S00935,17.0,Male,Public,Diploma,Yes,No,2.3,53.4,7.5,8,39.0,57,True,C
S00936,22.0,Female,Public,MSc/PhD,No,No,2.5,53.4,9.2,0,46.0,36,False,F
S00937,17.0,Male,Public,Secondary,Yes,No,5.7,90.8,4.9,1,83.0,96,True,A+
S00938,17.0,Female,Private,Diploma,Yes,No,0.8,72.5,8.4,4,35.0,39,False,F
S00939,18.0,Female,Public,Secondary,No,No,3.6,84.9,6.2,4,64.0,66,True,B
S00940,19.0,Female,Private,BSc,Yes,No,5.5,42.7,6.6,9,70.0,89,True,A+
S00941,18.0,Female,Private,Diploma,Yes,No,,60.7,8.2,7,31.0,34,False,F
S00942,17.0,Female,Public,BSc,No,Yes,6.3,92.9,6.6,10,91.0,100,True,A+
S00943,17.0,Female,Public,Secondary,Yes,No,5.4,54.9,9.8,3,75.0,85,True,A+
S00944,25.0,Male,Public,BSc,Yes,Yes,1.4,84.7,7.0,9,41.0,43,False,D
S00945,24.0,Male,Public,MSc/PhD,Yes,No,4.1,95.4,6.5,1,50.0,60,True,B
S00946,24.0,Male,Public,BSc,yes,No,6.2,77.1,8.6,7,85.0,100,True,A+
S00947,25.0,Female,Public,Primary,Yes,No,1.7,36.1,6.9,2,32.0,36,False,F
S00948,23.0,Male,Private,BSc,Yes,No,1.4,58.3,7.3,5,30.0,50,True,C
S00949,25.0,Female,Private,Primary,Yes,No,6.3,79.3,6.9,3,100.0,100,True,A+
S00950,18.0,Female,Public,None,No,Yes,5.7,67.4,6.1,1,78.0,90,True,A+
S00951,17.0,Female,Public,Secondary,Yes,No,5.4,84.2,7.6,8,73.0,83,True,A+
S00952,17.0,Female,Private,Secondary,No,No,1.5,67.3,6.9,3,36.0,34,False,F
S00953,18.0,Male,Public,Secondary,Yes,Yes,2.5,50.8,5.6,1,46.0,47,False,D
S00954,23.0,Female,Public,Secondary,Yes,No,1.8,42.8,7.3,0,31.0,25,False,F
S00955,21.0,Female,Private,Secondary,Yes,No,4.5,50.6,5.8,7,61.0,64,True,B
S00956,17.0,Male,Public,MSc/PhD,Yes,No,2.4,69.9,5.7,4,65.0,28,False,F
S00957,23.0,Male,Private,BSc,Yes,No,0.3,82.6,7.8,4,32.0,30,False,F
S00958,25.0,Female,Public,None,Yes,No,2.2,71.1,6.7,2,31.0,42,False,D
S00959,21.0,Male,Private,Diploma,No,No,4.8,80.9,7.0,5,59.0,82,True,A+
S00960,25.0,Male,Private,BSc,Yes,No,2.9,97.5,5.5,4,66.0,66,True,B
S00961,25.0,Male,Private,Diploma,Yes,Yes,0.8,85.8,6.8,6,52.0,57,True,C
S00962,20.0,Female,Private,Secondary,Yes,No,5.9,52.7,7.7,10,48.0,82,True,A+
S00963,25.0,Male,Public,Secondary,Yes,No,4.3,77.4,5.2,8,66.0,86,True,A+
S00964,17.0,Female,Private,Diploma,Yes,No,3.9,86.1,8.1,3,74.0,71,True,A
S00965,25.0,Male,Public,Secondary,Yes,No,4.5,55.8,7.4,10,49.0,68,True,B
S00966,24.0,Female,Public,BSc,Yes,Yes,2.6,81.4,7.2,0,54.0,73,True,A
S00967,19.0,Male,Private,Primary,Yes,No,5.3,59.5,4.8,3,69.0,79,True,A
S00968,21.0,Female,Private,Primary,Yes,No,3.9,59.5,6.3,0,38.0,61,True,B
S00969,24.0,Male,Public,MSc/PhD,Yes,Yes,1.2,65.6,6.5,2,34.0,45,False,D
S00970,23.0,Female,Public,Secondary,Yes,Yes,1.8,67.9,8.3,5,47.0,60,True,B
S00971,23.0,Male,Public,BSc,Yes,No,3.7,52.0,5.9,7,51.0,55,True,C
S00972,21.0,Female,Public,Secondary,No,Yes,4.7,67.2,7.9,5,85.0,71,True,A
S00973,21.0,Male,Public,Diploma,No,No,3.7,78.5,5.7,1,59.0,69,True,B
S00974,24.0,Female,Public,Secondary,No,No,5.5,67.1,7.0,3,59.0,72,True,A
S00975,22.0,Male,Public,Diploma,No,No,4.2,56.1,8.0,8,58.0,71,True,A
S00976,22.0,Female,Public,Secondary,Yes,Yes,5.3,97.0,7.1,2,91.0,100,True,A+
S00977,19.0,Male,Public,None,Yes,Yes,2.1,97.4,7.6,0,69.0,68,True,B
S00978,21.0,Female,Public,Secondary,Yes,No,1.3,80.6,7.5,4,27.0,35,False,F
S00979,19.0,Female,Private,Secondary,Yes,No,1.0,77.8,6.7,4,53.0,36,False,F
S00980,18.0,Female,Private,Diploma,Yes,No,3.7,93.0,8.6,5,60.0,78,True,A
S00981,25.0,Female,Public,Diploma,Yes,No,5.6,94.1,7.3,7,91.0,91,True,A+
S00982,20.0,Male,Private,None,Yes,No,6.0,72.6,8.8,5,70.0,88,True,A+
S00983,18.0,Male,Public,Diploma,Yes,No,2.2,57.2,7.5,4,22.0,47,False,D
S00984,20.0,Female,Public,Primary,No,Yes,3.3,45.9,8.3,8,44.0,62,True,B
S00985,24.0,Female,Public,MSc/PhD,Yes,No,1.9,,6.5,10,64.0,57,True,C
S00986,21.0,Male,Public,Secondary,No,Yes,1.0,39.8,6.2,2,37.0,37,False,F
S00987,18.0,Male,Public,Secondary,Yes,No,4.6,45.1,7.0,8,54.0,64,True,B
S00988,18.0,Male,Public,Primary,Yes,Yes,4.2,58.1,5.6,9,63.0,80,True,A+
S00989,22.0,Male,Public,Secondary,Yes,No,3.8,69.0,6.5,3,61.0,61,True,B
S00990,17.0,Male,Public,Primary,Yes,Yes,4.7,65.3,6.5,7,64.0,65,True,B
S00991,18.0,Female,Private,MSc/PhD,Yes,No,2.3,86.7,6.6,1,43.0,56,True,C
S00992,25.0,Male,Private,None,Yes,Yes,3.7,53.6,6.9,4,58.0,62,True,B
S00993,24.0,Female,Public,Diploma,Yes,Yes,4.0,85.3,5.2,11,72.0,67,True,B
S00994,17.0,Male,Public,Secondary,Yes,Yes,,57.6,5.6,0,61.0,83,True,A+
S00995,19.0,Male,Private,MSc/PhD,Yes,No,2.3,65.4,6.8,5,56.0,59,True,C
S00996,17.0,Female,Private,None,Yes,Yes,3.2,91.2,7.8,8,80.0,92,True,A+
S00997,21.0,Female,Public,MSc/PhD,Yes,Yes,4.1,68.7,9.1,6,67.0,93,True,A+
S00998,20.0,Male,Private,Primary,Yes,No,3.4,57.0,6.1,6,38.0,47,False,D
S00999,19.0,Female,Public,Secondary,Yes,No,1.3,52.5,7.5,12,20.0,51,True,C
S01000,21.0,Male,Private,BSc,No,Yes,3.8,99.1,5.4,7,63.0,88,True,A+
S01001,18.0,Male,Public,Secondary,No,No,5.0,95.3,5.5,10,89.0,96,True,A+
S01002,23.0,Male,Public,BSc,No,Yes,3.2,45.1,8.6,4,39.0,42,False,D
S01003,21.0,Male,Private,Secondary,Yes,No,4.6,71.6,6.2,9,73.0,91,True,A+
S01004,23.0,Female,Public,Secondary,Yes,No,5.9,57.3,6.8,12,91.0,80,True,A+
S01005,17.0,Female,Private,Primary, Yes ,No,1.7,64.6,6.2,7,29.0,38,False,F
S01006,18.0,Female,Public,Diploma, Yes ,No,1.9,80.3,7.4,2,39.0,55,True,C
S01007,18.0,Female,Public,BSc,No,Yes,2.1,49.5,5.7,7,42.0,41,False,D
S01008,25.0,Female,Private,Secondary,No,Yes,0.4,65.2,6.1,6,35.0,34,False,F
S01009,17.0,Female,Public,BSc,Yes,No,4.8,51.3,7.2,5,61.0,83,True,A+
S01010,24.0,Female,Public,BSc,No,Yes,3.7,41.1,6.2,1,50.0,54,True,C
S01011,17.0,Male,Private,Diploma,No,No,5.1,99.9,6.0,5,82.0,100,True,A+
S01012,24.0,Female,Private,BSc,Yes,Yes,4.0,72.4,7.4,3,54.0,89,True,A+
S01013,25.0,Male,Private,Diploma,No,No,2.2,89.0,8.4,3,,61,True,B
S01014,25.0,Male,Private,Secondary,Yes,Yes,0.8,96.1,7.4,4,43.0,50,True,C
S01015,18.0,Female,Public,Diploma,No,Yes,4.8,67.5,6.7,2,77.0,88,True,A+
S01016,22.0,Female,Public,BSc,Yes,Yes,6.4,78.4,7.0,7,86.0,100,True,A+
S01017,21.0,Female,Public,Secondary,No,No,3.8,35.6,10.0,3,41.0,45,False,D
S01018,17.0,Male,Public,BSc,No,No,4.6,66.2,7.8,3,67.0,81,True,A+
S01019,17.0,Male,Private,Diploma,No,No,1.9,54.8,7.2,9,47.0,41,False,D
S01020,18.0,Male,Private,BSc,Yes,Yes,5.7,44.4,8.5,7,78.0,87,True,A+
S01021,25.0,Male,Public,Secondary,Yes,Yes,4.4,53.6,8.7,9,49.0,81,True,A+
S01022,23.0,Female,Private,BSc,Yes,No,1.6,58.3,8.2,9,36.0,35,False,F
S01023,23.0,Male,Public,MSc/PhD,Yes,No,5.1,62.3,7.2,5,44.0,82,True,A+
S01024,20.0,Male,Public,Secondary,Yes,No,1.9,51.1,5.0,4,52.0,38,False,F
S01025,20.0,Female,Public,BSc,Yes,Yes,3.9,49.9,6.6,8,58.0,74,True,A
S01026,21.0,Female,Private,Secondary,No,Yes,2.5,89.4,5.6,8,59.0,48,False,D
S01027,23.0,Female,Public,Primary,Yes,Yes,5.6,44.6,4.7,6,77.0,84,True,A+
S01028,25.0,Male,Private,BSc,Yes,No,6.0,88.4,7.0,0,100.0,98,True,A+
S01029,18.0,Male,Public,Diploma,Yes,Yes,0.6,72.5,6.3,3,20.0,48,False,D
S01030,18.0,Male,Public,Secondary,Yes,No,2.1,72.5,7.7,8,57.0,68,True,B
S01031,24.0,Female,Public,Secondary,Yes,No,3.8,43.0,6.2,4,46.0,52,True,C
S01032,17.0,Female,Private,Diploma,Yes,No,,97.3,6.1,5,90.0,100,True,A+
S01033,20.0,Male,Public,Secondary,Yes,No,4.4,61.8,7.9,9,53.0,89,True,A+
S01034,19.0,Male,Private,Primary,Yes,No,1.9,85.4,6.9,9,60.0,69,True,B
S01035,24.0,Female,Public,,Yes,Yes,0.8,51.5,6.7,5,21.0,39,False,F
S01036,22.0,Male,Private,BSc,Yes,Yes,4.7,,6.6,6,71.0,76,True,A
S01037,23.0,Female,Public,Secondary,No,No,6.3,74.1,6.9,2,72.0,94,True,A+
S01038,25.0,Female,Public,BSc,No,No,0.5,67.7,4.1,5,44.0,19,False,F
S01039,24.0,Female,Public,BSc,Yes,No,1.4,,7.3,5,53.0,70,True,A
S01040,22.0,Female,Private,Secondary,Yes,No,4.2,49.7,4.8,6,49.0,50,True,C
S01041,18.0,Male,Private,Secondary,Yes,Yes,3.3,72.8,6.9,4,67.0,81,True,A+
S01042,18.0,Male,Private,Primary, Yes ,Yes,4.8,61.2,6.8,1,69.0,82,True,A+
S01043,25.0,Male,Public,Diploma,yes,Yes,1.3,,4.7,10,39.0,47,False,D
S01044,23.0,Male,Public,BSc,No,No,5.2,52.4,7.6,9,49.0,71,True,A
S01045,20.0,Male,Private,Secondary,No,No,3.3,99.6,6.9,6,69.0,83,True,A+
S01046,24.0,Male,Public,Secondary,No,No,2.9,41.8,5.7,6,46.0,36,False,F
S01047,19.0,Male,Public,Primary,yes,No,3.6,89.6,7.5,6,77.0,63,True,B
S01048,21.0,Female,Public,None,No,Yes,5.0,58.3,7.2,9,58.0,97,True,A+
S01049,24.0,Female,Public,Secondary,Yes,No,4.7,63.7,7.4,9,66.0,81,True,A+
S01050,20.0,Female,Public,BSc,Yes,No,3.4,49.1,7.9,3,48.0,44,False,D
S01051,20.0,Male,Public,Secondary,Yes,No,1.5,83.4,7.2,9,29.0,55,True,C
S01052,23.0,Female,Private,Secondary,Yes,No,1.0,83.4,6.8,13,30.0,60,True,B
S01053,24.0,Male,Private,Primary,No,Yes,2.8,90.1,7.7,6,76.0,74,True,A
S01054,24.0,Female,Public,Primary, Yes ,No,4.8,67.5,8.0,5,70.0,82,True,A+
S01055,19.0,Male,Public,BSc,Yes,No,6.0,57.8,7.8,1,71.0,79,True,A
S01056,21.0,Female,Public,BSc,Yes,No,6.4,62.3,7.5,0,81.0,94,True,A+
S01057,24.0,Female,Private,MSc/PhD,No,No,1.0,61.3,6.8,6,20.0,41,False,D
S01058,24.0,Male,Public,Primary,No,No,3.9,37.4,7.5,11,60.0,55,True,C
S01059,19.0,Male,Public,BSc,Yes,No,1.4,76.0,5.5,6,52.0,43,False,D
S01060,18.0,Male,Private,Primary,Yes,No,5.9,37.5,6.1,5,58.0,76,True,A
S01061,25.0,Female,Public,Diploma,Yes,No,1.3,77.6,9.0,7,39.0,52,True,C
S01062,24.0,Male,Private,Secondary,Yes,No,5.4,75.4,6.0,10,100.0,86,True,A+
S01063,20.0,Male,Private,Primary,yes,No,6.3,52.7,6.6,7,73.0,90,True,A+
S01064,24.0,Female,Private,Primary,Yes,No,4.6,50.1,6.2,10,54.0,81,True,A+
S01065,18.0,Female,Public,MSc/PhD,Yes,Yes,,85.2,5.3,7,71.0,88,True,A+
S01066,20.0,Male,Public,MSc/PhD,Yes,No,0.6,71.5,6.0,5,20.0,29,False,F
S01067,22.0,Male,Public,MSc/PhD, Yes ,No,0.9,68.4,7.0,8,37.0,24,False,F
S01068,17.0,Male,Private,None,Yes,No,3.0,85.7,6.3,3,47.0,73,True,A
S01069,20.0,Male,Private,MSc/PhD,No,No,2.9,73.6,5.9,4,54.0,65,True,B
S01070,23.0,Female,Private,None,No,No,5.5,76.3,7.8,2,,86,True,A+
S01071,20.0,Female,Public,Secondary,No,Yes,5.5,73.8,5.5,5,,83,True,A+
S01072,20.0,Female,Public,Primary, Yes ,No,5.3,73.7,8.2,4,84.0,76,True,A
S01073,18.0,Male,Public,None,Yes,Yes,0.8,96.9,6.6,8,40.0,57,True,C
S01074,19.0,Male,Public,Secondary,Yes,No,1.5,85.7,6.4,6,40.0,33,False,F
S01075,21.0,Female,Public,BSc,Yes,No,,50.5,7.9,9,57.0,73,True,A
S01076,17.0,Female,Public,Diploma,Yes,Yes,2.9,48.9,5.2,8,66.0,60,True,B
S01077,20.0,Female,Public,Diploma,Yes,Yes,3.0,83.1,5.5,0,58.0,60,True,B
S01078,23.0,Male,Public,BSc,Yes,No,6.1,89.4,7.6,5,92.0,100,True,A+
S01079,19.0,Female,Public,Primary,Yes,No,5.9,54.0,7.2,0,75.0,70,True,A
S01080,23.0,Female,Public,Primary,Yes,Yes,5.5,84.9,6.9,9,92.0,98,True,A+
S01081,17.0,Female,Public,Secondary,Yes,No,5.3,35.0,9.2,8,46.0,85,True,A+
S01082,23.0,Male,Public,MSc/PhD,Yes,No,6.1,68.9,8.1,3,81.0,100,True,A+
S01083,19.0,Female,Public,BSc, Yes ,No,0.9,80.9,3.8,2,41.0,46,False,D
S01084,22.0,Male,Private,Diploma,Yes,No,5.0,70.5,8.8,7,67.0,82,True,A+
S01085,22.0,Male,Public,Secondary,Yes,Yes,1.4,68.5,5.6,6,47.0,37,False,F
S01086,25.0,Male,Public,BSc,No,No,,62.6,6.3,2,61.0,74,True,A
S01087,17.0,Female,Public,BSc,No,No,0.7,59.1,7.1,10,41.0,37,False,F
S01088,23.0,Male,Public,Primary,No,Yes,6.4,74.7,7.0,1,79.0,100,True,A+
S01089,17.0,Male,Public,Primary,Yes,No,6.3,85.8,7.7,6,78.0,100,True,A+
S01090,19.0,Male,Public,Secondary,Yes,No,4.8,84.0,7.6,10,66.0,69,True,B
S01091,17.0,Male,Private,Secondary,Yes,No,2.0,96.3,5.0,0,51.0,55,True,C
S01092,22.0,Female,Public,BSc,No,No,0.9,77.3,8.4,10,35.0,45,False,D
S01093,24.0,Female,Private,BSc,Yes,No,6.0,41.3,7.4,4,65.0,76,True,A
S01094,20.0,Female,Private,Secondary,No,Yes,0.5,75.9,8.5,4,32.0,43,False,D
S01095,24.0,Male,Public,MSc/PhD,Yes,No,0.9,97.6,5.5,1,,52,True,C
S01096,22.0,Male,Public,,Yes,No,1.1,44.5,5.7,6,21.0,23,False,F
S01097,19.0,Female,Public,Primary,No,Yes,1.9,50.6,8.1,10,50.0,33,False,F
S01098,25.0,Female,Public,,No,Yes,6.4,86.4,8.5,7,97.0,100,True,A+
S01099,20.0,Female,Public,None,Yes,No,4.8,45.2,,6,55.0,70,True,A
S01100,19.0,Male,Private,Primary,Yes,No,2.3,79.6,7.1,5,41.0,62,True,B
S01101,22.0,Male,Private,BSc,Yes,No,3.4,85.9,5.9,6,48.0,51,True,C
S01102,22.0,Female,Public,BSc,Yes,No,2.7,67.1,6.5,9,42.0,42,False,D
S01103,20.0,Female,Public,Secondary,No,No,5.1,88.4,6.4,8,60.0,95,True,A+
S01104,20.0,Female,Public,None,Yes,No,2.6,42.9,7.3,4,31.0,46,False,D
S01105,19.0,Female,Public,BSc,Yes,No,3.3,77.6,6.6,2,44.0,82,True,A+
S01106,17.0,Female,Public,BSc,Yes,No,1.8,95.8,8.8,7,55.0,61,True,B
S01107,22.0,Female,Private,Diploma,Yes,No,0.8,53.3,9.3,7,40.0,39,False,F
S01108,18.0,Male,Public,Secondary,Yes,Yes,0.6,84.9,7.2,8,42.0,45,False,D
S01109,20.0,Female,Public,BSc,Yes,No,4.1,95.6,6.6,5,67.0,82,True,A+
S01110,25.0,Male,Private,,Yes,No,5.8,69.6,5.5,0,87.0,80,True,A+
S01111,22.0,Male,Public,BSc,Yes,Yes,2.9,59.1,5.9,1,37.0,46,False,D
S01112,24.0,Female,Private,Primary,Yes,Yes,6.1,68.5,6.4,2,86.0,100,True,A+
S01113,20.0,Male,Public,BSc,No,No,5.3,48.5,6.4,9,64.0,74,True,A
S01114,21.0,Female,Public,Primary,Yes,Yes,5.5,43.3,7.1,8,67.0,76,True,A
S01115,20.0,Female,Private,Diploma,Yes,No,4.9,45.4,6.7,0,55.0,64,True,B
S01116,18.0,Male,Public,Secondary, Yes ,No,2.4,52.7,6.5,9,32.0,43,False,D
S01117,22.0,Male,Private,MSc/PhD,No,Yes,,92.7,5.8,6,43.0,43,False,D
S01118,22.0,Female,Public,Secondary,No,Yes,3.4,71.8,8.2,1,67.0,76,True,A
S01119,23.0,Female,Public,Primary,Yes,No,6.3,59.5,7.2,1,84.0,81,True,A+
S01120,25.0,Male,Private,Primary,No,No,2.7,48.4,6.7,10,42.0,44,False,D
S01121,24.0,Male,Private,Secondary,Yes,Yes,5.2,49.5,7.2,4,70.0,81,True,A+
S01122,21.0,Female,Private,Secondary,No,No,2.9,70.3,7.7,9,39.0,47,False,D
S01123,22.0,Male,Public,Diploma,Yes,Yes,4.4,66.8,7.7,2,70.0,80,True,A+
S01124,17.0,Female,Public,Diploma,Yes,No,2.5,,6.8,3,20.0,41,False,D
S01125,21.0,Male,Private,Secondary, Yes ,No,1.7,74.3,4.9,3,45.0,40,False,D
S01126,25.0,Female,Public,BSc,No,No,2.3,65.4,9.1,7,57.0,64,True,B
S01127,18.0,Female,Private,Secondary,No,No,1.5,35.1,6.3,2,20.0,37,False,F
S01128,19.0,Female,Public,Secondary,Yes,Yes,0.6,65.5,7.3,0,40.0,47,False,D
S01129,20.0,Female,Public,Secondary,No,Yes,2.9,90.3,6.1,1,56.0,66,True,B
S01130,17.0,Male,Public,None,Yes,Yes,2.1,37.3,6.2,2,35.0,23,False,F
S01131,19.0,Female,Public,Secondary,No,Yes,1.7,99.6,5.3,0,37.0,53,True,C
S01132,22.0,Male,Private,Diploma,Yes,Yes,5.0,89.7,6.3,7,77.0,94,True,A+
S01133,20.0,Female,Public,BSc,No,No,3.5,37.3,8.7,0,53.0,63,True,B
S01134,24.0,Female,Public,Diploma,Yes,Yes,0.7,92.2,5.4,7,33.0,54,True,C
S01135,18.0,Female,Public,Diploma,Yes,No,1.4,55.4,7.1,7,36.0,45,False,D
S01136,20.0,Female,Public,Diploma,Yes,No,3.8,98.3,6.5,1,60.0,80,True,A+
S01137,23.0,Male,Public,Primary,No,Yes,1.2,38.8,8.2,7,20.0,34,False,F
S01138,21.0,Female,Public,Secondary,Yes,Yes,5.2,65.0,7.5,6,60.0,80,True,A+
S01139,19.0,Female,Private,BSc, Yes ,No,4.5,88.9,5.9,14,83.0,93,True,A+
S01140,19.0,Male,Public,Secondary,Yes,No,0.6,87.8,4.7,7,42.0,46,False,D
S01141,18.0,Male,Public,BSc,Yes,No,4.5,94.6,8.5,7,72.0,81,True,A+
S01142,25.0,Male,Private,Secondary,Yes,No,1.9,59.1,7.9,3,54.0,37,False,F
S01143,25.0,Male,Public,Diploma,Yes,Yes,0.8,45.4,6.2,7,20.0,40,False,D
S01144,21.0,Male,Public,Secondary,Yes,No,1.1,67.7,6.6,10,22.0,32,False,F
S01145,25.0,Male,Public,BSc,Yes,No,5.3,98.1,6.9,2,81.0,93,True,A+
S01146,24.0,Female,Public,Secondary,No,No,0.8,94.6,7.1,4,36.0,53,True,C
S01147,19.0,Female,Public,Diploma,Yes,No,3.1,62.9,6.6,5,45.0,53,True,C
S01148,25.0,Male,Public,Diploma,Yes,Yes,2.2,82.1,8.4,4,32.0,70,True,A
S01149,19.0,Female,Public,Primary,Yes,No,4.7,55.3,7.1,8,61.0,76,True,A
S01150,25.0,Female,Public,Primary,No,Yes,6.0,85.3,8.4,1,87.0,100,True,A+
S01151,24.0,Female,Public,Secondary,Yes,No,5.2,92.6,6.1,1,78.0,95,True,A+
S01152,24.0,Male,Public,Diploma,Yes,No,5.3,84.7,7.3,9,78.0,100,True,A+
S01153,25.0,Male,Public,BSc,Yes,Yes,4.4,83.8,7.8,7,57.0,90,True,A+
S01154,21.0,Female,Private,BSc,No,No,6.2,,9.7,7,77.0,91,True,A+
S01155,19.0,Male,Private,MSc/PhD,Yes,Yes,2.6,75.2,6.8,0,51.0,59,True,C
S01156,20.0,Male,Public,BSc,No,No,3.1,38.2,7.2,4,49.0,50,True,C
S01157,19.0,Female,Private,BSc,No,Yes,1.0,64.5,5.9,4,51.0,29,False,F
S01158,20.0,Male,Public,BSc,Yes,No,4.9,88.4,7.5,6,70.0,85,True,A+
S01159,21.0,Male,Private,Secondary,Yes,No,1.4,78.6,6.4,0,51.0,45,False,D
S01160,18.0,Male,Private,Primary,Yes,No,3.9,35.9,5.9,5,53.0,49,False,D
S01161,20.0,Male,Public,MSc/PhD,Yes,Yes,2.1,43.6,6.1,5,38.0,31,False,F
S01162,18.0,Male,Public,Secondary,Yes,No,3.8,,7.3,10,50.0,58,True,C
S01163,17.0,Male,Public,None,Yes,Yes,3.5,74.4,7.0,2,55.0,65,True,B
S01164,24.0,Female,Public,Secondary,No,Yes,1.9,95.6,5.7,8,59.0,65,True,B
S01165,17.0,Female,Public,Secondary,Yes,No,2.0,65.2,8.6,0,31.0,46,False,D
S01166,20.0,Female,Public,BSc,No,No,3.7,85.9,7.0,5,85.0,83,True,A+
S01167,18.0,Female,Private,None,No,No,2.3,50.0,6.0,8,54.0,39,False,F
S01168,23.0,Female,Private,BSc,Yes,Yes,1.0,,6.8,4,50.0,40,False,D
S01169,17.0,Male,Public,BSc,Yes,No,5.3,65.0,6.1,10,52.0,81,True,A+
S01170,25.0,Female,Private,BSc,Yes,Yes,4.0,56.6,8.4,9,63.0,82,True,A+
S01171,18.0,Male,Public,Primary,No,No,6.1,92.8,5.6,8,68.0,91,True,A+
S01172,20.0,Male,Private,BSc,Yes,No,2.2,94.8,7.3,2,38.0,48,False,D
S01173,25.0,Female,Private,Primary,yes,No,2.8,88.1,8.1,7,56.0,84,True,A+
S01174,24.0,Male,Public,Secondary,Yes,No,4.5,66.8,5.9,8,51.0,79,True,A
S01175,20.0,Female,Public,None,Yes,No,5.6,73.4,5.9,1,68.0,90,True,A+
S01176,17.0,Female,Public,Secondary, Yes ,No,6.1,,8.6,5,62.0,95,True,A+
S01177,16.0,Male,Private,Diploma,Yes,No,0.7,73.5,6.0,7,23.0,35,False,F
S01178,24.0,Female,Private,Secondary,Yes,Yes,,42.5,6.3,9,26.0,46,False,D
S01179,21.0,Female,Public,Secondary,Yes,No,4.7,40.3,8.5,0,38.0,65,True,B
S01180,21.0,Male,Public,Diploma,yes,No,2.0,41.6,5.7,8,43.0,42,False,D
S01181,21.0,Female,Public,Diploma,Yes,Yes,4.7,98.8,5.8,4,89.0,97,True,A+
S01182,18.0,Female,Private,Primary,Yes,Yes,5.2,81.6,8.5,3,95.0,96,True,A+
S01183,21.0,Female,Public,MSc/PhD,No,No,4.6,52.1,8.3,10,56.0,82,True,A+
S01184,19.0,Female,Public,BSc,Yes,No,3.2,99.4,6.7,2,61.0,64,True,B
S01185,23.0,Male,Public,BSc,Yes,No,3.0,63.4,6.7,0,46.0,52,True,C
S01186,22.0,Female,Private,Diploma,Yes,No,3.5,84.9,8.7,8,75.0,74,True,A
S01187,19.0,Male,Public,Secondary,Yes,Yes,5.9,79.4,7.7,6,67.0,99,True,A+
S01188,18.0,Female,Public,Secondary,Yes,Yes,5.3,77.7,6.7,4,90.0,98,True,A+
S01189,21.0,Male,Public,Secondary,Yes,No,0.8,67.2,8.1,0,65.0,48,False,D
S01190,24.0,Male,Private,Secondary,No,Yes,6.2,74.5,9.0,1,90.0,100,True,A+
S01191,22.0,Female,Public,Secondary,Yes,No,0.7,50.1,5.5,7,21.0,25,False,F
S01192,21.0,Male,Public,Secondary,Yes,No,5.8,96.1,7.4,2,88.0,96,True,A+
S01193,22.0,Male,Public,Secondary,Yes,No,2.8,47.7,8.5,10,46.0,52,True,C
S01194,23.0,Female,Public,Secondary,Yes,No,3.9,58.2,7.3,4,59.0,64,True,B
S01195,25.0,Female,Public,Primary,Yes,Yes,0.9,80.7,7.1,10,38.0,36,False,F
S01196,19.0,Female,Public,Secondary,Yes,Yes,,91.9,9.1,0,77.0,69,True,B
S01197,22.0,Female,Public,Primary,Yes,Yes,1.0,38.9,5.8,1,20.0,32,False,F
S01198,18.0,Female,Public,BSc,Yes,Yes,3.3,73.8,4.7,4,54.0,55,True,C
S01199,16.0,Female,Public,BSc,Yes,No,2.1,95.4,,9,43.0,61,True,B
S01200,24.0,Female,Private,Diploma,No,No,1.5,92.6,7.9,5,29.0,45,False,D
